:020000040800F2
:20600000C0F3002015640008CD360308D12C0308B13603087D7100084D7003080000000066
:20602000000000000000000000000000CD4C0308958F000800000000893F0308B965030814
:206040006D700308913E0308BD670308A5410308DD2303085D410308C12103080922030887
:206060002D22030851220308752203087D8C0008A18C0008C58C0008E98C00080D8D0008E8
:20608000318D0008558D0008D96E0008996D0308BD6D030899710008BD71000899220308AD
:2060A000E16703084D68030829680308056803087168030895680308B9680308192D030850
:2060C000F52C0308612D03083D2D0308854B0308A94B0308316C0308556C0308796C030848
:2060E000E521030881410308756D030849690308B5690308916903086D690308FD6E000896
:2061000035240308614B0308DD680308CD4B0308E96B03080D6C0308016903082569030800
:20612000798D00089D8D0008C18D0008E58D0008DFF80CD000F032FC004800477D7E0308E9
:20614000C0F30020EFF30980704780F309887047EFF30880704780F30888704740BA704703
:20616000C0BA70472DE9F85F40F804DB51F804DBBDE8F85F62B670472DE9F85F50F804DBE3
:20618000BDE8F85F62B6704772B6704762B6704740EA01039B070AD102E008C9121F08C02F
:2061A000042AFAD203E011F8013B00F8013B521EF9D270470FB400B58DB0009002904FF081
:2061C000FF3001900020039006480A9010A9064804910B9004AA68460F9900F087F90DB0FC
:2061E0005DF814FB0D650008296500082DE9FF5FD3E901464FF0FF3B91461D465F464FF01D
:206200000008A9697F1C01988847296A824688470028F6D11AF1010003D1584604B0BDE871
:20622000F09F24F4C064002E39DD60060FD55046BAF12B0F03D02D2809D144F48064A9695A
:206240007F1C01988847761E8246002E27DDBAF1300F24D1761EA96944F400747F1C019848
:2062600088478246002E15DDBAF1780F02D0BAF1580F0FD1B9F1000F02D0B9F1100F1ED12E
:20628000761EA96924F400747F1C019888478246102008E0B9F1000F11D1082003E0B9F199
:2062A000000F0CD10A20814609E008FB0908761EA96944F400747F1C019888478246002EB9
:2062C00005DD4946504600F0FAF80028EDDAE96901988847A00502D46FF001009EE7E007E5
:2062E00025D1600613D5C8F10000610500D44046296801F104022A600968220501D50870E8
:2063000015E0220701D5088011E008600FE0286800F1040129600068210502D580F800804D
:2063200005E02107414601D5018000E00160384674E780EA010202F0004330B430F0004270
:2063400021F0004015D0A0B1C0F3C754C2F3C755C2F31601C0F316002D1B41F4000140F4D0
:2063600000007D35814201D36D1C00E04900002D02DA30BC002070474FF40002002481422A
:2063800001D3091A144352084FEA4101F7D151B1814202D14FF0004105E002D24FF0010100
:2063A00001E06FF0010104EBC55030BC184400F0CCB896230022114600F0D0B800F00042FF
:2063C00020F00040C10DC0F3160040F400007F2901DA00207047962903DCC1F19601C84059
:2063E00001E096398840002AF4D04042704700F0004230F0004001D101467047C30DC0F319
:20640000160003F56073C108400742EA03521143704700000648804706480047FEE7FEE78B
:20642000FEE7FEE7FEE7FEE7FEE7FEE7FEE7FEE7696703083161000830B50B460146002022
:206440002022012409E021FA02F59D4205D303FA02F5491B04FA02F52844151EA2F10102A1
:20646000F1DC30BD2DE9F047002591469A46074688462E46402418E022464146384600F0F1
:20648000AFFAB0EB090071EB0A010ED322465146484600F095FA3F1A68EB0108224600211D
:2064A000012000F08DFA45194E41201EA4F10104E2DC284631463A464346BDE8F0873A2855
:2064C00000D2303820F02002412A01D3A2F137004FF0FF32884200D20246104670470000E6
:2064E0000268034610781144196070470B461146D360044A4A61044A0A6200220A6100F0D1
:2065000095BA0000E1640008216A000843683BB1026812F8011B19B15B1E0CC00846704711
:206520000121C160881E7047416859B1C368026843B98368934205D0521E491CC0E9002143
:20654000002070474FF0FF3070470029A8BF7047401C490008BF20F00100704710B4B0FA56
:2065600080FC00FA0CF050EA010404BF10BC704749B1CCF1200421FA04F411FA0CF118BF57
:20658000012121430843A3EB0C01CB1D4FEA00614FEA102042BF002010BC704700EBC35002
:2065A00010440029A4BF10BC7047401C490008BF20F0010010BC70472DE9FF4D81EA0300A8
:2065C00086B04FEAD07806981D460F4623F0004321F00041801A1646994105D23946069842
:2065E0002F46069606460D46002325F00041594086EA0300084304D1069839460AB0BDE8CA
:20660000F08D3C0DC4F30A00C5F30A510590401A049040286BDAC5F3130040F4801AB8F16E
:20662000000F02D076426AEB4A0A04985146C0F14002304600F0C4F983460D4651463046A6
:20664000049A00F0DCF9069A86184F4184EA175050EAE47042D0B8F1000F2CD004984FF005
:20666000000201284FEA045312DCB01A67EB03014FF0004303EA0454059B001CCDE90143D4
:20668000009241F580112B465A4600F084FBB5E7B01A67EB0301001C41F5801100184941E0
:2066A000001CA3F5001341EB030740EAD5761BEB0B0B6D4112E06D084FEA3B0B4FEA045427
:2066C000301E67EB0401001C41F58011490845EAC6754FEA3000061C41EB04072B465A46A4
:2066E000394630460AB0BDE8F04D00F03BBB4FEA48000122141A0023069A63EBE073B2EB50
:20670000080067EBE8712246ECE783F0004353E781F0004150E72DE9F04D834681EA030028
:2067200023F0004488B000F00040002321F00045079085EA03018BEA03009246084305D0A7
:2067400084EA03018AEA0300084304D10020014608B0BDE8F08DC4F30A50C5F31301C5F35A
:206760000A521318ABFB0A2541F48018C4F3130141F48014A3F2F33308FB0A5104930BFBA6
:2067800004134FEA9B204FEA9A2140EA885041EA8451A0FB01654FEA982707FB01514FEA72
:2067A000942C00FB0C1739053005151A41EA163163EB010105914FEA9B604FEA9A6140EA6F
:2067C000881041EA8411A0FB0140321E804667EB0403280D0599C5F3130540EA013086187A
:2067E00043EB1150001948F10001049B2A030C3B46EA15540293079D0023CDE9003523465B
:2068000000F0C9FAA4E72DE9FF0F054681EA0302002082B002F0004223F00046CDE90002C4
:20682000034621F0004484EA030168404FF4801A084325D00023049886EA0301584008436D
:206840001ED0C4F30A51C4F3130242F48014C6F3130242F48012C6F30A5013460592081AE7
:20686000049A00F2FD3BA81AD04674EB030102D30BF1010B01E06D196441BBF1000F05DA92
:2068800006B0BDE8F00F00200146704700264746B046B24611E0DDE90423A81A74EB0301DC
:2068A00006D3AD1A64EB030448EA06084AEA070A7F084FEA36066D196441002387EA03019E
:2068C00086EA03000843E6D184EA030185EA0300084315D0DDE9042384EA030185EA02005F
:2068E000084303D100254FF0004409E0A81A74EB030102D20125002402E06FF001056C10E2
:20690000DDE9002318F100004AEB0B518018594123462A4606B0BDE8F00F00F023BA21F0B1
:2069200000410A0DC1F3130140F2FF3341F480119A4202DA00200146704740F233439A42B3
:20694000A2F2334202DC524200F04AB800F038B82DE9F04107460D46002001F00041414030
:20696000404016461C464FF00048084302D17F4268EB0505002004F0004141404040084375
:2069800002D1764268EB04043846294632462346994208BF9042BDE8F0810000064C074D13
:2069A00006E0E06840F0010394E8070098471034AC42F6D3FFF7C0FBA48D0308C48D0308CF
:2069C000202A04DB0023203A00FA02F106E000FA02F39140C2F12002D04001431846704740
:2069E000202A04DB203A21FA02F000217047D040C2F1200301FA03F31843D1407047202AEB
:206A000006DB203A41FA02F0C21742EAE1717047D040C2F1200301FA03F3184311417047C5
:206A20004FF4F051C0B200F013BA00002DE9F34F8BB04FF000084FF0010B01F10C000C462E
:206A40004646D9460DF1080A0A90626901210A989047050079D0252831D0216A2846884717
:206A6000C0B1626901210A989047216A88470028F7D1411E62690A98904700E0761CA169D6
:206A80000B988847216A88470028F7D1E1690B988847DAE7A1690B9888470746A84201D138
:206AA000761CD2E7E1690B9888477F1C4DD1B8F1000FFBD14FF0FF300DB0BDE8F08F00271C
:206AC00062693D4639460A9890472A2810D1626901210A98904701250AE0A1498F4234DCFC
:206AE00007EB870100EB4107303F2ED445F01005626901210A989047A0F130014A460A2943
:206B000001D2002AE9D1E90601D46FF000476C280BD1626901210A9890476C2802D145F0E2
:206B200002051CE045F004051DE04C2802D145F0200514E068280CD1626901210A989047AF
:206B4000682803D145F4006509E0C7E045F0080509E06A28E3D0742801D07A2803D1626985
:206B600001210A989047C4E90157652856D018DC582832D00CDC452850D004DC252839D0A1
:206B8000412893D14AE0462848D047288ED145E05B2879D0612841D063287CD0642885D166
:206BA00073E06F2859D010DC662837D0672835D069283BD06E28E4D1206800F104012160C7
:206BC000006829053CD506703FE770284FD0732861D0752859D07828D3D145F040006060B0
:206BE000A80749D5234610226FF001000B99AFF30080A0E0A1690B988847054625283FF440
:206C00004FAFE1690B9888476D1C3FF450AF65E023460A22E8E723460A222FE0234609AA96
:206C20006FF001000B99AFF3008084E045F040006060A80723464FF0000200D5D4E71DE0AF
:206C4000290701D5068000E7A90704D54FEAE671C0E90061F9E60660F7E645F04000606047
:206C6000A80723464FF0080200D5BDE706E040F60E0125EA01006060234610226FF0010044
:206C80000B99FFF7B3FA56E005E045F040006060A807C0D5BCE7002739460197632806D1D6
:206CA000E80601D4C4F80890012001903AE05B2838D1626901210A9890475E2804D101277C
:206CC000626939460A989047216931B90022534643F82120491C0829FADB08B94046EBE6C3
:206CE000216969B9C11700EBD16359110AEB810123F01F03C31A0A6809FA03F002430A60E7
:206D0000626901210A9890475D28E6D14FB10020514651F82020D24341F82020401C082877
:206D2000F7DB02A9019B00930B4622466FF001000B99AFF30080002809DA4FF0FF31401CF2
:206D400002D1BBF1000F00D141460846B4E6E90701D108F1010806444FF0000B75E60000B2
:206D6000CCCCCC0CF0B51F46044600230D46D01A164677EB03010BDA641C45F10005B019C4
:206D800047EB070159405840084301D124F0010420462946F0BD2DE9F04D92469B4611B102
:206DA000B1FA81F602E0B0FA80F620363246FFF707FE04460D46002340EA0A0041EA0B01BB
:206DC00059405840084303D120462946BDE8F08D00238BEA03018AEA0300084319D0C6F16E
:206DE000400259465046FFF7FBFD07468846324659465046FFF7E4FD0023594058400843F0
:206E000000D001204FEAE071384348EA010104430D430A984FEA4457A0EB06034FEAD4207A
:206E20000A334FF0000640EA45504FEAD52102D500200146CAE7001C41EB0351DDE9082366
:206E4000801859413B463246BDE8F04D8AE700007F2801D9002208E0064A02EB5002127810
:206E6000C00700D1120902F00F0201209040084070470000618D030870B501EB020410F854
:206E8000015B15F0070301D110F8013B2A1106D110F8012B03E010F8016B01F8016B5B1EF6
:206EA000F9D12B0706D4002301E001F8013B521EFBD50CE010F8013B02F10202A1EB0303CA
:206EC00003E013F8015B01F8015B521EF9D5A142D5D3002070BD00000348806D00B10047CD
:206EE000024903A030F0C2B92C040020188503084952513A25730D0A000000000348C06CC5
:206F000000B10047024903A030F0B0B9AC040020718703084952513A25730D0A000000005A
:206F20000029816802D041F0010101E021F00101816070470029816802D041F4807101E0C3
:206F400021F4807181607047014689680020490700D501207047014689680020090700D501
:206F60000120704710B542680E4B0C791A400B6842EA04221343436082680B4B1A40D1E980
:206F8000024323434C7942EA440213438360C26A097C22F47002491EC9B242EA0151C1621A
:206FA00010BD0000FFFEF0FFFDF7F1FF70B5072609290AD9C568A1F10A0404EB4404A640E3
:206FC000B543A3401D43C56007E0056901EB4104A640B543A3401D4305611F23072A09D2F6
:206FE000446B521E02EB820293409C4391400C43446370BD0D2A09D2046BD21F02EB820278
:2070000093409C4391400C43046370BDC46A0D3A02EB820293409C4391400C43C46270BDFF
:20702000816841F00801816070470029816802D041F4A00101E021F4A001816070478168C3
:2070400041F00401816070472DE9F041154C164D002040F21A4144F82010401C1428FAD3D9
:2070600000261427DFF8448002F072FE296844F82100491C91FBF7F007FB101085E841011B
:20708000002054F820106A68914200DD6960AA68914200DAA960401C1428F2D301202FF0A4
:2070A000B1F8E1E764720020180400209F86010010B501F0E9F8002807D02FF097F903A01F
:2070C0002FF06AFD2BF0CCFDFCE710BD436172746F6F6E20456E640070B5054603F09AFE8E
:2070E0004FF43F720EA110482CF09EFC2FF034FA0E4C0FA0617862682FF04EFD607800287C
:207100000CD015B16068A84208D202F0DDFEBDE870400E4A08210EA02FF00CB870BD0000E0
:207120004465697663650000A1910008E0030020446576696365547970653A25642C446538
:20714000766963654E756D3A25640000BD6A03087469636B54696D65720000007047000000
:2071600010B501F011FF03482CF0E6FCBDE8104001F01EBA352603087047000010B502A0BE
:2071800030F074F8FEE700004572726F7220427573210D0A000000000348406E00B1004701
:2071A000024903A030F062B82C0400205F8503084952513A25730D0A000000000348806E5A
:2071C00000B10047024903A030F050B82C040020738503084952513A25730D0A0000000079
:2071E000024B01461A69986F30F0B0BE88000020FEB50C4615461E4608A90EC98DE80E006C
:2072000033462A4621462FF093FFFEBD2DE9FF4F029C90F91A5024694E4EA70890F9184004
:20722000D6F81C8004FB05F900240E9A2546A246A446A3EB080309B9474900E01031B162BF
:20724000B1688B4274DA90F9196006EB0308B8F1000F7CDD002B01DD9A4601E0C3F1000C61
:20726000A6EB0C0353448B4204D90CEB0103A3EB0A0B00E0B34607EB0901491E914266D941
:207280004A4502DBA2EB090101E04FF0FF318E463049BA42D1F8049057D3A2EB070404F13E
:2072A00001043A4650E002992A4F01EB8201B1F91430BE69B1F91610B3EB06083B6AA1EBD4
:2072C000030640D4C8453EDA002E3CDBF9688E4239DA0D9979B990F9181090F9195094FBD9
:2072E000F1F34D435D430CFB015501FB134101440D441C3511E001290FD190F9181090F9B1
:20730000193094FBF1F54B436B430CFB013301FB1545491B01445D181B357B690AFB09F191
:2073200006FB0311BB6F664643441944BF6A08E00DE02B78761CFB5C0B7090F9183049441B
:207340001D445E45F5D3641C521E7245ABDCBDE8FF8F00008800002026830308F0B5DDE939
:207360000657074C059EC4E902656360C4E90712A0617343A76763616B432361F0BD0000B5
:2073800088000020F0B404AD95E8E010164CC4E90C35E26260624FF4B47097FBF0F200FB57
:2073A0001270A063002802DA00F5B470A063C4E90F6C11B90D48A06201E01031A162A06BAF
:2073C00010B9F0BC00F014B816B9F0BC00F06ABC012E02D1F0BC00F093BC022E02D1F0BC4F
:2073E00000F0BCBCF0BC704788000020268303082DE9F04FFB4AA8B0506A002873D0936953
:2074000051689A46D46A0B44A3426CDDD5699368AE465E19156B2795AE42F6DD166AD568B8
:20742000576BB3462E44B946BE42EEDD9446966BDCF83C80DCF818200392DCF82C70BA1A05
:207440002692039AD21B2592DCF81C200492DCF83070BA1A2492049AD21B2392DCF820203B
:207460000592DCF83470BA1A2292059AD21B219200225A2E38D0B42E7DD0B6F5877F7BD158
:207480006746B8F1010F78D0B8F1020F76D190F919600E962644A6EB0A076646F7660D97DE
:2074A00090F91860279FB0463E44A6EB0E0CCD4ECC4FC6F870C090F91A604E44A6EB0B0687
:2074C0003E650D9F8F4201DDC64FF966C54F9C4500DD3B67AE4200DD3D65544573DB3A66D0
:2074E000269C7C6698E2A7E3B8F1010F30D0B8F1020F69D190F91960B0462644A6EB0A0733
:20750000B84EF7661E9790F918601D96279F3E44A6EB0E0CB34EB34FC6F870C090F91A60B8
:207520004E44A6EB0B063E651E9F8F4201DDAD4FF966AC4F9C4500DD3B67AE4200DD3D65E3
:207540005445444662DB641E3C66269C7C6662E090F91A60A34F2644A6EB0A06FE662096A7
:2075600090F91960279F1F963E44A6EB0E0C9D4EC6F870C003E0D1E00DE3EAE173E290F95B
:207580001860B0464E44A6EB0B07964E3765209E8E4201DD934EF166924E9C4500DD3367EC
:2075A000AF4200DD3565544503DBB264269C746602E0259CB4647266279D754505DB3266B1
:2075C000249CB46604E024E24CE0239C3466B266D94505DBA8F10104F465229CF46405E05A
:2075E000219CA8EB0404641EF465F264F76E756E1F9CED1B08FB04FC05FB0C8AB76E356F95
:20760000ED1B08FB05F4E443746586E2259D641B641EC7E91842279C744503DBFA65249CB8
:20762000BC6602E0239CFC65BA66D94503DBBA64229CFC6402E0219CC7E912427E6EFD6ED4
:207640001D9CAD1BC4F1000C6C431D9D04F1010A08FB05F43E6F641BA8EB0605BE6E354414
:207660002C4459E290F91860B0462644A6EB0A075C4EF7661C9790F91A60279F1B963E44A6
:20768000A6EB0E0C574E574FC6F870C090F919601A964E44A6EB0B063E651C9F8F4201DD13
:2076A000504FF9664F4F9C4500DD3B67AE4200DD3D65544503DBFA65269C7C6602E0259C42
:2076C000FC657A66279C74451B9C04DB641EBC64249CBC6604E0239D641B641EBC64BA66EE
:2076E000D94503DB3A66229CFC6402E0219C3C66FA647D6EFC6E1A9E641B08FB0644C4F1A3
:20770000000A08FB06F44546D7F868803E6F4FF0010CA6EB080606FB0454FDE1B8F1010F98
:2077200030D090F91860B8F1020F75D1B0462644A6EB0A072B4EF766169790F91960279FFB
:2077400015963E44A6EB0E0C264E264FC6F870C090F91A604E44A6EB0B063E65169F8F421A
:2077600001DD204FF9661F4F9C4500DD3B67AE4200DD3D655445444664DB641EFC65269C19
:207780007C6664E090F9186019962644A6EB0A07144EF766189790F91960279F17963E44A2
:2077A000A6EB0E080F4E0F4FC6F8708090F91AC00CEB0906A6EB0B063E65189F8F4201DDA5
:2077C000084FF966074F984500DD3B67AE4200DD3D655445199C07DB641EFC65269C7C661B
:2077E00007E0000088000020259D641B641EFC657A66279C744503DB3A66249CBC6602E038
:20780000239C3C66BA66D94507DBACF1010CC7F848C0229CFC6406E03EE0219CACEB0404F8
:20782000641EC7E912427E6EFD6E199CAD1B04EB050A3D6FBC6E4FF0FF3C641B199D641BEC
:20784000179DF7E1259D641B641EFC657A66279C7445159C04DB641E3C66249CBC6604E0A2
:20786000239D641B641E3C66BA66D94503DBBA64229CFC6402E0219CC7E912427D6EFC6E55
:207880003E6F651BA5EB080A08EB0605BE6E4FF0FF3C159CAD1BCDE114962644A6EB0A0798
:2078A000FF4EDFF8FCC3F766139790F91980279EFB4F4644A6EB0E063E6790F91A7012971D
:2078C0004F44A7EB0B07CCF85070BC46139F8F4201DDF34FF966F24F9E4200DD3B67AC4558
:2078E00000DD3D65544503DBFA65269C7C6602E0259CFC657A66279C744505DBA8F10104B1
:207900003C66249CBC6605E0239CA8EB0404641E3C66BA66D94505DB129C641EBC64229C54
:20792000FC6405E0219CA8EB0404641EC7E912427E6EFD6E149CAD1B2C44C4F1000A3C6F7B
:20794000BD6EA8EB04042C444FF0010C6442149D70E190F91A6011962644A6EB0A07D04E29
:20796000F766109790F91960279F0F963E44A6EB0E0CCB4ECA4FC6F870C090F91860B04652
:207980004E44A6EB0B063E65109F8F4201DDC44FF966C34F9C4500DD3B67AE4200DD3D655F
:2079A0005445119C04DB641EBC64269C7C6604E0259D641B641EBC647A66279C744503DB5B
:2079C0003A66249CBC6602E0239C3C66BA66D94503DBFA65229CFC6402E0219CFC65FA64EB
:2079E000B9460F9CC8F1000C0F9DFE6E0CFB04FC7F6E08FB05F4F61B06FB048AD9F87060CF
:207A0000D9F86850AD1B08FB05F4641CC9F8544083E0259CC7E91842279C744505DBA8F121
:207A20000104FC65249CBC6605E0239CA8EB0404641EFC65BA66D94503DBBA64229CFC6484
:207A400002E0219CC7E91242FD6E7C6EC446641B08FB04F4A4F1010ABD6E3C6F641B0E9D0A
:207A600005FB084458E090F918600C962644A6EB0A0CC7F86CC0CDF82CC090F91A60DDF85A
:207A80009CC06644A6EB0E08C7F8708090F919600A964E44A6EB0B063E65DDF82CC08C457F
:207AA00000DDF966984500DD3B67AE4200DD3D65544503DBFA65269C7C6602E0259CFC6541
:207AC0007A66279C744503DBBA64249CBC6602E0239CBC64BA66D94505DB0A9C641E3C66C3
:207AE000229CFC6405E00A9D219C2C1B641E3C66FA64FD6E7C6E0A9E641B0C9DD7F868807A
:207B000005FB064A05FB06F43E6F4FF0010CA6EB080606FB045464427C65614CE66E656ECF
:207B20000795771BA66E256FB646A5EB060BD4E91386A6EB08060196002F7DDDBBF1000F02
:207B4000FBDD019E002EF8DD5B1BCE1B73444B430096A365069390F9183090F919901E4669
:207B6000A56C03FB09F36B433546266E06FB0533E56D284403446069079D08FB00F80EFB8E
:207B80000180A16F964629440844214662630A6C1C33616B7CE090F91860B0462644A6EBB4
:207BA0000A073F4EF766099790F91960279F08963E44A6EB0E0C3A4E394FC6F870C090F910
:207BC0001A604E44A6EB0B063E65099F8F4201DD334FF966324F9C4500DD3B67AE4200DD6E
:207BE0003D65544503DBFA65269C7C6602E0259CFC657A66279C744503DB3A66249CBC66A9
:207C000002E0239C3C66BA66D94503DBBA64229CFC6402E0219CC7E912427E6EFD6E089C2B
:207C2000AD1BA8EB050A3D6F4FF0010C641BBD6E2C4445466C436FE72EE07146C4F830E0A7
:207C40001CE0C4F82CE07546D4F828800EE0197818F801100AB9017004E0012A02D10678FD
:207C60000E430670401C6D1C6344E562BD42EED100995344084409F1010121638946594543
:207C8000DFD1616D0B44069908440299491C6163019D0291A942D0D128B0BDE8F08F0000AF
:207CA0008800002070B5154D88B06E6AEC6A96F91830A9691819A14200DD0C466A681144DC
:207CC000814200DA0846A04215DD96F9192096F91A1004AE0FC6A968E8692E6A4318E96837
:207CE0007218CDE9014203930090D5E90C213346002000F061F808B070BD00008800002081
:207D000070B5154D88B06E6A2C6B96F91930E9691819A14200DD0C46AA681144814200DAC4
:207D20000846A04215DD96F91A2096F9181004AE0FC6E968286AAE69431869687218CDE9B4
:207D4000014203930090334601206A6BE96A00F033F808B070BD00008800002070B5154DC9
:207D600088B06E6A6C6B96F91A30296A1819A14200DD0C46EA681144814200DA0846A042F9
:207D800015DD96F9192096F9181004AE0FC6A968E869AE69431869687218CDE9014203932D
:207DA0000090D5E90B123346022000F005F808B070BD0000880000202DE9FF4F85B0934DCA
:207DC000DDF860B0DDF85890139CA86B2EF0FCF90290A86B00F032FF002301900EE164203F
:207DE000179958436FF01802514300EB410E002000E164216FF0180541430BFB05F201EB82
:207E00004205019EDFF808C20EFB06F2029E029F05FB062292FBFCF2019E179975430EFBE6
:207E2000175501EBD17195FBFCF502EB6101069A11440BEBDB7205EB6202079D1544089AAD
:207E4000914241DB149A91423EDA129A9542F8DB159A9542F8DA059ABABB6C4ED6F824C06C
:207E6000D6F840809CF918209CF9197057435F4300FB02726244F76AA446D21B376A2244F9
:207E8000C91B77691C327943F769ED1B776805FB0711B56FB76A2944B569491B214411E02B
:207EA000B8F1000F02D115787D5D06E0B8F1010F04D116780D78BE5D35430D70521C491C66
:207EC0000CF1010CCC45EBDB93E0FFE7012A46D1DFF838C1DCF82480DCF8306098F9187061
:207EE00098F91920A61B7A43424306FB072208EB03063244DCF820601C32AE1BDCF8145076
:207F0000C2466E43DCF81C50671BDCF80450049507FB0565DCF81860891BDCF87860A44633
:207F200031443A4E2944D6F84080B76A14E0B8F1000F02D115787D5D06E0B8F1010F04D1CE
:207F400016780D78BE5D35430D709AF918500CF1010C2A44049D2944CC45E8DB49E0DFF8A9
:207F6000ACA0DAF82480D44698F9182098F9197016467A43DAF83470E71B7A4300FB0622D1
:207F800008EB03063244DAF81C601C32AE1BDAF804506E43DCF82050671BDCF8145003959D
:207FA00007FB0565DCF81860891BDCF87860A446314456462944DAF840A0B76A17E0BAF1DC
:207FC000000F02D115787D5D06E0BAF1010F04D116780D78BE5D35430D7098F9185098F935
:207FE00019600CF1010C05FB0622039D2944CC45E5DB401C5845FFF6FCAE5B1C1798834275
:020000040800F2
:20800000FFF6EDAE09B0BDE8F08F000088000020A08601002DE9FF4F854D87B0DDE9146C71
:20802000AF690024DB1B0A93EB69C01BC91AF31A14932B6AACEB0306D21A0A9B15961D1A03
:20804000149BB61A5B1A6F1C002D00DC6F1E5D1CB846002B00DC5D1E771CA946002E00DC86
:20806000771EBB467F43724E0097B7680697F768059708FB08F309FB09F5D6F878E0D6F8A6
:2080800004C0D6F814A0AB4247DB009EB34244DBB8F1000F02DD0123019304E04FF0FF3335
:2080A000C8F1000801930A9D2B44049330E009FB04F393FBF8F35F180BFB04F393FBF8F34D
:2080C0009D18002820DB60451EDA002F1CDB069B9F4219DA002D17DB059B9D4214DA179B52
:2080E00043B905FB0AF507FB0C550EEB0006169BAB5509E005FB0AF507FB0C530EEB000729
:20810000DD5D169E3543DD55019B641C1844049B8342CCD10BB0BDE8F08F9D4244DB009BD6
:208120009D4241DBB9F1000F02DD0123019304E04FF0FF33C9F100090193149D2B44039392
:208140002FE008FB04F393FBF9F31F180BFB04F393FBF9F303EB02051FD467451DDA00293A
:208160001BDB069B994218DA002D16DB059B9D4213DA179B43B905FB0AF501FB0C550EEB0E
:208180000706169BAB5508E005FB0AF501FB0C537744DD5D169E3543DD55019B641C194413
:2081A000039B8B42CDD1B5E7BBF1000F02DD0123019304E04FF0FF33CBF1000B0193159D66
:2081C0002B44029330E008FB04F393FBFBF31F1809FB04F393FBFBF303EB010520D46745D3
:2081E0001EDA002D1CDB069B9D4219DA002A17DB059B9A4214DA179B43B902FB0AF605FBBF
:208200000C650EEB0706169BAB5509E002FB0AF305FB0C330EEB07055E5D169F3E435E556B
:20822000019B641C1A44029B9342CCD172E7000088000020F0B5134D059CAE69801BEE6905
:20824000A1EB06012E6AA2EB060215D46E68B04212DA002910DBAF68B9420DDA002A0BDBA4
:20826000ED68AA4208DA074FBD6F7F6928447A4301FB06210CB90B54F0BD0A5C1A430A5433
:20828000F0BD0000880000202DE9FF5F4FF0000BD9465F46DA4608228749A820CDF80CB0A4
:2082A00001F0ACFC844D002028722C46294683A02EF072FC08228349A02001F09FFC82A1A5
:2082C00028462FF06DFE48B17E49814800F088FC00287DD008263546344675E07DA1204638
:2082E0002FF05EFE50B17749794800F079FC0028EFD0082635463446012765E077A1204627
:208300002FF04EFE58B172486E490C3000F068FC0028DED0082610253446022754E071A1C6
:2083200020462FF03DFE58B169486649183000F057FC0028CDD0102635463446032743E04C
:208340006AA120462FF02CFE58B161485D49183000F046FC0028BCD0102635463446042787
:2083600032E064A120462FF01BFE58B158485549183000F035FC0028ABD0102635463446CA
:20838000052721E05DA120462FF00AFE58B150484C49243000F024FC00289AD00826202586
:2083A0003446062710E057A120462FF0F9FD002844D047484349243000F012FC002879D099
:2083C000082620253446072701F0C8FC804600E070E001F0E3FC024641464CA02EF0DCFB57
:2083E0002AF00EF941462EF087F800285FD02DF031FFC079FEF770FE2AF02AF980462DF0D8
:2084000029FFC17941451ED92DF024FF00EBC800B0F908B02DF01EFF00EBC800B0F90A90F9
:208420002DF018FF00EBC800B0F90C0003902DF011FF00EBC80090F80EA00BE0214639A0CC
:208440002EF0AAFB36E02DF005FFC27941463AA02EF0A2FB3F4BCDE900540293334649469A
:208460005846039AFEF77AFF5146384602F0D4F80020FEF7B5FE374802F08CFD012002F0AB
:20848000E3FB2DF0E7FEC17933A02EF085FBCDE900A74A46594633A0039B2EF07DFB4FF47B
:2084A000FA702EF0F5FD012004B0BDE8F09F36A02EF072FB0020F7E7762A0020543D27253D
:2084C00073270000800000203878387838410000F682030838783878384200003878313615
:2084E000783841003136313631364100313631363136420031363136313643003878333211
:20850000783841003878333278384200436F6E666967313D25642C436F6E666967323D2500
:20852000640000004572726F72205479706521203A272573270000005761726E3A20506FF9
:2085400073203E2043756265732C2025642C256400000000761A0020546F74616C3D256434
:208560000000000052756E20783D25642C793D25642C7A3D25642C6469723D25642C747947
:2085800070653D256400000053657444617461206572726F7221000010B504490120087084
:2085A0002DF06CFDBDE8104029F0E8BE200300204FF4807201A102482BF036BA416463000A
:2085C0004970000810B51148114C0068FF2801D9012000E0002060700E490F482FF0D1FC6B
:2085E00010B10D48001F06E00A490C482FF0C9FC30B10A48001FE060BDE810402EF066BC0E
:20860000BDE8104006A02EF0C7BA0000E0F7FF1FB0050020458D03080450000804580008B9
:208620005265676564697420666F726D6174206572726F722100000008202DF021BB082019
:208640002DF052BB08202DF083BB10202DF0B4BB08202DF0F3BB20202DF024BC10202DF034
:208660006FBC10202DF0AEBC024951F82000024908617047802A0020C8010020704700008F
:2086800002494A6A52F8200008617047C80100207047000002494A6A02EB80000861704725
:2086A000C8010020024951F82000024908617047A82A0020C801002002490A6852F82000B0
:2086C00008617047C8010020024951F82000024948617047802A0020C801002070470000C8
:2086E00002494A6A52F8200048617047C80100207047000002494A6A02EB80004861704745
:20870000C8010020024951F82000024948617047A82A0020C801002002490A6852F820000F
:2087200048617047C80100200249034A096942F820107047C8010020802A00200249034A7A
:20874000096942F820107047C8010020A82A002002490A69096841F820207047C801002063
:208760000248D0E90421C0E904127047C801002010B506490A6802EB800008600449884200
:2087800003D304A02EF008FAFEE710BDC8010020C82D00204572726F723A20537461636B35
:2087A000204F75742100000002490A68A2EB800008607047C801002010B5064A0649106892
:2087C000884203D305A02EF0E7F9FEE7116902C0106010BDC8010020C42D00204572726F66
:2087E000723A20537461636B204F75742100000003490868001F0860006808617047000073
:20880000C801002002498A6802EB800088607047C8010020014951F820000047E80100203A
:20882000014951F820000047E40200207047000010B5084A084B1168994203D307A02EF028
:20884000ABF9FEE7936808C11160516A01EB8000906010BDC8010020C82D00204572726FE0
:20886000723A20537461636B204F75742100000003490868001F0860006888607047000073
:20888000C801002001490020C8607047C801002070B5074C05460246002160682FF05CFB53
:2088A000D4E9001001C100EB8500C4E9001070BDC801002002494A68A2EB8000486070477D
:2088C000C8010020034A1169494208B15161704711617047C8010020034A1169C94308B19D
:2088E0005161704711617047C8010020054B0122196918B101B100225A61704701B1002225
:208900001A617047C8010020034A1169491C08B15161704711617047C8010020034A116915
:20892000491E08B15161704711617047C8010020044BD3E9042110B1881858617047501833
:2089400018617047C8010020044AD2E90431591A08B151617047116170470000C801002019
:20896000044BD3E9042110B15143596170474A431A617047C8010020044AD2E9043193FB8D
:20898000F1F108B15161704711617047C801002010B5064BD3E9041291FBF2F402FB141145
:2089A00008B1596110BD196110BD0000C8010020044AD2E90413994008B1516170471161BA
:2089C00070470000C8010020044AD2E90413194108B151617047116170470000C801002049
:2089E000044AD2E90413194008B151617047116170470000C8010020044AD2E9041319434E
:208A000008B151617047116170470000C8010020044AD2E90413594008B1516170471161D5
:208A200070470000C801002010B5074C0123D4E9041220B1914200D00023636110BD91428C
:208A400000D00023236110BDC801002010B5074C0123D4E9041220B1914200D1002363617E
:208A600010BD914200D10023236110BDC801002010B5074C0023D4E9042120B10AB101B1CD
:208A80000123636110BD0AB101B10123236110BDC8010020084AD2E90413194328B109B143
:208AA000012000E000205061704709B1012000E00020106170470000C801002010B5074C29
:208AC0000123D4E9041220B1914200DC0023636110BD914200DC0023236110BDC80100205F
:208AE00010B5074C0123D4E9041220B1914200DA0023636110BD914200DA0023236110BD14
:208B0000C801002010B5074C0123D4E9041220B1914200DB0023636110BD914200DB002359
:208B2000236110BDC801002010B5074C0123D4E9041220B1914200DD0023636110BD9142E4
:208B400000DD0023236110BDC801002002460248416900692FF0F4B9C8010020024841698D
:208B600000692FF03BBA0000C801002070B50E4C06460C4DE069D4E9041205EBC0102FF070
:208B8000F0F9E06905EBC0100EB1606100E02061E069401C0521B0FBF1F201FB1200E0615A
:208BA00070BD0000C86D0020C801002004490A69002A03D18A6802EB80008860704700008E
:208BC000C801002004490A69002A03D08A6802EB8000886070470000C80100207047000051
:208BE0002DE9F0410C46134B134D002101EB41029E5C1A44577892783E4432446A54491C82
:208C00000829F3DB0C4A0C49083A29F02DFD0A4900200839225C0B5C9A4206D02146064825
:208C20002BF0C4F90020BDE8F081401C0828F1DB0120F8E7E8F7FF1F940300200E4A5A2840
:208C400004D8C0F15A0032F8100070470A49B42801EB400102D831F8B40C06E0B0F5877F8C
:208C600005D8C0F5877032F8100040427047A1F58051B1F8E40D7047100100200348C06B99
:208C800000B10047024903A02EF0F0BA2C040020698403084952513A25730D0A0000000009
:208CA0000348006C00B10047024903A02EF0DEBA2C040020828403084952513A25730D0A2B
:208CC000000000000348406C00B10047024903A02EF0CCBA2C0400209B8403084952513A73
:208CE00025730D0A000000000348806C00B10047024903A02EF0BABA2C040020B484030883
:208D00004952513A25730D0A000000000348C06C00B10047024903A02EF0A8BA2C04002051
:208D2000CD8403084952513A25730D0A000000000348006D00B10047024903A02EF096BAF6
:208D40002C040020E68403084952513A25730D0A000000000348406D00B10047024903A09B
:208D60002EF084BA2C040020FF8403084952513A25730D0A000000000348006F00B1004732
:208D8000024903A02EF072BAAC040020038803084952513A25730D0A000000000348406F66
:208DA00000B10047024903A02EF060BAAC0400201C8803084952513A25730D0A0000000041
:208DC0000348806F00B10047024903A02EF04EBAAC040020358803084952513A25730D0AE0
:208DE000000000000348C06F00B10047024903A02EF03CBAAC0400204E8803084952513A28
:208E000025730D0A000000000029016802D041F0010102E04FF6FE7211400160704700000C
:208E200001684FF6FE72114001600021016041608160C1603349334A0839904203D14868AD
:208E400040F00F0006E02F4A1432904204D1486840F0F000486070472A4A2832904203D1E4
:208E6000486840F47060F5E7264A3C32904203D1486840F47040EDE7224A5032904203D1E2
:208E8000486840F47020E5E71E4A6432904203D1486840F47000DDE71A4A7832904203D122
:208EA000486840F07060D5E7174A904204D1D1F8040440F00F0007E0134A1432904206D1FB
:208EC000D1F8040440F0F000C1F8040470470E4A2832904204D1D1F8040440F47060F3E721
:208EE000094A3C32904204D1D1F8040440F47040EAE7054A50329042E8D1D1F8040440F423
:208F00007020E1E70800024008040240406880B270470000024600200549D30002D5D1F8A7
:208F2000001400E00968114200D00120704700000000024030B5026847F6F0739A430C6A4D
:208F40008B682343D1E904452C4323438C692343CC6923434C6A23438C6A234313430360B9
:208F6000CA6842600A6882604968C16030BD0021016041608160C160016141618161C161DD
:208F80000162416281627047032101482AF0DABD608103080348006800B10047024903A08E
:208FA0002EF064B92C040020788303084952513A25730D0A00000000F0B40022154F164CBF
:208FC0003B46FA6110469446A4F150015D6812E0235C202B01D104F800C0235C12B14BB94A
:208FE000002207E033B1FB692618012241F823605B1CFB61401CA842EAD304F805C0FA6909
:20900000002A04D001C9F0BC521E00F037BAF0BC70470000500500203C7600202DE9F0419A
:20902000404F00243E7801254FF0020C5EB9232801D13D7004E0A52803D187F800C07870C7
:20904000BC60BDE8F0813749DFF8DCE08A684968012E1FD122B93F281AD1C7E90145F0E70F
:209060003F2804D1012A13D1C7F808C0E9E7212805D1022A0CD159B1FFF79EFF08E0012A76
:2090800006D1B42904D20EF80100491C7960D8E73C70D6E73B46022ED3D1224E777842B92A
:2090A000052804D187F005009D605870C9E71C70C7E71C4D1E466D78012A85EA000309D15A
:2090C0007060401EB32803D2C6F808C07370B8E73470B6E7134DB446AD688E1C6D1CB242D3
:2090E00008D20EEB020101F8020C8CF80130CCF80850A6E7664602D1B560B070A1E7CB1C12
:209100009A429ED15528E3D187F055007070B07872789042DCD1B269002AD9D00248904787
:20912000D6E70000500500203C760020F8B5684601F0B2FD0F4C00281AD02AF0FFFB054664
:209140000E46D4E908014FF47A72801841F10001401BB14101D200202070C4E908569DF88B
:209160000000FFF75BFF684601F096FD0028F6D1F8BD00005005002010B501F0FFF9FFF7B0
:20918000D5FF12202DF03EF8F9E740F6B83203E00021491C9142FCD3401EF9D2704700008B
:2091A000F8B50020044605461F4E009032E02CB99DF80000A5282DD101242BE0012C05D1C6
:2091C0009DF80000552824D1022423E0022C07D19DF80050F560681E0F281AD8032419E050
:2091E000032C0CD3F068C01C844208D20F499DF800002144454001F8030C641C0AE0F068EC
:20920000C01C844206D19DF80000A84201D129F0E9FC0024684601F05BFD0028C7D101208A
:209220002CF0F0FFF6E70000E00300203E720020054901200A7802B100200870C2B2034977
:2092400003A02DF0A9BC0000E00300203983030825733A25640000002DE9F041002803D082
:209260004A4DA97811B12864BDE8F081EB6B002BFAD0464AA0F10A01D2E90A4209290CD83E
:20928000002004E023681C449442EDD2401C8842F8D33FA02DF080FC1BE03C4E3B4F0121B0
:2092A0004C367F6C0A28DFD2DFE800F005060A1E2B4337565F63D7E73AA02DF06DFC1CE09D
:2092C000A34209D100E00446206820449042FAD306E0EC6311E00446206820449842FAD119
:2092E00034A02DF059FCF4E71868C618964200D3264635A02DF050FCEE63BDE8F041FFF77D
:209300004BB9072FB0D27F1C6F6456F82700FDF76EF802460B4630A015E0002FA4D07F1EB6
:209320006F6456F82700FDF762F802460B462FA009E0042F98D0042068643069FDF757F8DF
:2093400002460B462EA02DF027FC686C56F82000BDE8F0412CF09EBEA86B00B10021A963E5
:20936000BDE8F0412BA02DF017BCBDE8F041FFF75FBF687800B100216970C9B229A02DF086
:209380000BFC6878BDE8F04101F05EBC200300204368616E676520436172746F6F6E202541
:2093A000640000005265706C617920436172746F6F6E000050726576696F75732043617253
:2093C000746F6F6E000000004E65787420436172746F6F6E00000000416464207370656562
:2093E0006420746F20252E326600000053756220737065656420746F20252E326600000092
:20940000537065656420726573657420746F20252E326600506C6179204D6F64656C3D2501
:2094200064000000446973706C6179206F66663D2564000010B5054905A02DF0ADFB2AF03A
:20944000ADF9BDE8104008A02DF0A6BBB78C030825733A2D2D2D2D2D2D2D2D2D2D2D2D2DE2
:209460002D2D2D2D00000000436C65616E2052656765646974204F4B210000002DE9F04749
:2094800000241A4F064688469146082507EBC41130462EF085FD10B107EBC41013E0641C4A
:2094A000AC42F3D3124D6869B8B12869A8B1002410E0286900EBC41130462EF071FD40B11D
:2094C000286900EBC410C26F49464046BDE8F0471047641C68698442EBD3BDE8F047034AC5
:2094E0000249183203A02DF057BB00006C88030850050020257309093A25730070B50446A6
:209500000D460A490AA02DF047FB012D08D120682AF08EF92168BDE870400BA02DF03CBBCF
:20952000BDE870400EA02DF037BB0000A78C030825733A2D2D2D2D2D2D2D2D2D2D2D2D2DC0
:209540002D2D2D2D0000000044656C65746520526567656469743A2573204F4B2100000073
:2095600044656C52656720506172616D206E756D626572206973206572726F722100000097
:209580007CB500240D490EA02DF006FB2AF0A6F90546014610A02DF0FFFA0BE06A4601A9FE
:2095A00020462AF0A9F920B1DDE900210FA02DF0F3FA641CAC42F1D37CBD0000968C030880
:2095C00025733A2D2D2D2D2D2D2D2D2D2D2D2D2D2D2D2D2D000000005265676564697420D8
:2095E000436F756E74203D202564000025733D25730000002DE9F041002408261AA02DF07F
:20960000CBFA224F07EBC41005462EF00BFD082805F11802294601D31DA000E01EA02DF0E2
:20962000BBFA641CB442EDD31D4D6869002819D02869002816D0002411E0286900EBC410EF
:209640002EF0F0FC0828286900EBC41101F1180201D30FA000E010A02DF09EFA641C68695A
:209660008442EAD3BDE8F081436F6D6D616E6473206578706C61696E3A2D2D2D2D2D2D2D99
:209680002D2D2D2D2D2D2D2D2D2D00006C8803082573093A25730000257309093A2573001A
:2096A0005005002010B5054905A02DF075FA2CF0D1FD0078BDE81040FFF7CEBD4783030844
:2096C0002573000010B5054905A02DF065FA2CF0C1FD4078BDE81040FFF7BEBD4E830308EA
:2096E0002573000010B5054905A02DF055FA2CF0B1FD8078BDE81040FFF7AEBD55830308B3
:209700002573000010B5054905A02DF045FA2CF0A1FDC078BDE81040FFF79EBD5C8303087B
:209720002573000010B5054905A02DF035FA2CF091FD0079BDE81040FFF78EBD6383030843
:209740002573000010B5054905A02DF025FA2CF081FD4079BDE81040FFF77EBD6A8303080C
:209760002573000010B5054905A02DF015FA2CF071FD8079BDE81040FFF76EBD71830308D5
:2097800025730000FEB5054600200E4602900190044600901B491CA02DF0FEF9032E2FD15D
:2097A00002A928682EF024FC002829D001A9A8682EF01EFC002823D0694668682EF018FC51
:2097C000DDE9002316A002992DF0E6F90099029845180BE0200703D114B110A02DF0DCF976
:2097E00015F8011B17A02DF0B5F9641C01988442F0D30AA02DF0D0F914A02DF0CDF9FEBD3A
:2098000016A0FAE76C8C030825733A2D2D2D2D2D2D2D2D2D2D2D2D2D2D2D2D2D00000000DF
:20982000416464726573733D3078252E38582C6F66667365743D25642C636F756E743D256A
:2098400064000000252E325820000000526561644D656D65727920456E64210050617261E0
:209860006D204E756D626572204572726F72210070B504460D460D490DA02DF08DF9012D11
:209880000FD120682AF0A0F8216828B1BDE8704002460DA02DF080B9BDE870400EA02DF08C
:2098A0007BB9BDE8704010A02DF076B9888C030825733A2D2D2D2D2D2D2D2D2D2D2D2D2DE9
:2098C0002D2D2D2D00000000526561645265673A25733D25730000004E6F7420466F756EAA
:2098E00064202573000000005265616452656720506172616D204E756D62657220457272CF
:209900006F7221002AF060BC2DE9FC4105460C46154916A02DF040F9012C21D128682EF0E8
:2099200081FB10281CD100246F464FF00108296808EB4400085C28F067FE0646286810F8D8
:20994000140028F061FE06EB00103855641C082CEDDB68462CF098FB2AF036FCBDE8FC81A7
:2099600003A02DF019F9F9E7EA8203082573000041726763206E756D626572204572726F48
:209980007221000070B504460D46094909A02DF003F9012D06D120682BF0C6FABDE87040A1
:2099A0002AF012BCBDE8704003A02DF0F5B80000E08203082573000041726763206E756D0B
:2099C000626572204572726F7221000038B50446044905A02DF0E0F8694620682EF008FB8D
:2099E00038BD0000588103082573000070B504460D460C490CA02DF0CFF8022D0FD1D4E983
:209A000000012AF0A1F928B12168BDE870400CA02DF0C2B80EA0BDE870402DF0BDB810A052
:209A2000F9E70000798C030825733A2D2D2D2D2D2D2D2D2D2D2D2D2D2D2D2D2D0000000067
:209A400057726974655265673A2573204F4B21005772697465526567204572726F722100BC
:209A6000577269746552656720506172616D204E756D626572204572726F722100000000D8
:209A80002DE9FC47DDE90A8907460D4610461E462CF082FC044628462CF094FC05463846F3
:209AA0002CF014FC334622462946CDE90089FDF7ADFBBDE8FC87000070B592B0012104207A
:209AC0002AF0E8FA012108462AF0C0FA012148022AF0E0FA0B208DF8040003208DF8050085
:209AE0008DF8060001258DF8075001A829F0FCFDADF8045000248DF8074001A9294828F002
:209B0000BFFC294E3046FFF78BF928480290284803A931C106942802CDE907408000099039
:209B200020200A900002CDE90B0402A93046FFF701FA01213046FFF767F98DF838500D94D6
:209B40008DF839504FF46020CDE90F04174C8DF844504C3C0DA92046FDF704FA052301220E
:209B600000212046FDF722FA01212046FDF7E2F901212046FDF7D4F92046FDF751FA2046A3
:209B8000FDF7E9F90028FAD12046FDF758FA2046FDF7DAF90028FAD101212046FDF745FA75
:209BA00012B070BD00080140080002404C2401405000002070B5402028F086FB002817D0D5
:209BC00001F05EF8044601F0AFF90A4D54B1A88840B14021084828F0CDFC18B92146A888E4
:209BE0002AF068F9AC80BDE87040402028F066BB70BD000052000020001001402DE9F04793
:209C0000884616460446A02529F0E4F810B90020BDE8F087284629F0B5F829F00FF910B9F3
:209C200029F0F8F8F3E7204629F0ACF829F006F929F0D0F8A12029F0A5F829F0FFF84FF05F
:209C4000800A224F4FF0400939E008250024C7F810AC0FE06006040EC7F8149C29F006F9AE
:209C6000C7F8109C29F002F9D7F8080C000601D544F001042800A5F10105EDB2EAD14D46BC
:209C8000C7F8149C88F80040012EC7F8149C04D129F0ECF8C7F810AC03E029F0E7F8C7F810
:209CA00014AC29F0E3F8C7F8105C29F0DFF8C7F8145C29F0DBF8761E08F10108B6B2002E8E
:209CC000C3D129F0A7F80120A2E70000000001402DE9F0410C4615460646A02729F07AF8BB
:209CE00010B90020BDE8F081384629F04BF829F0A5F810B929F08EF8F3E7304629F042F8CA
:209D000029F09CF805E0207829F03CF829F096F8641C2800A5F10105ADB2F4D129F07AF832
:209D20000120DFE708B5012108202AF0B3F9C020ADF8000003208DF8020014208DF8030084
:209D40006946024828F09CFB08BD0000000C0140014800887047000050000020034800788E
:209D600008B900F005B80020704700002000002010B500240221074828F0FCFB00B9012416
:209D80000821054828F0F6FB08B944F00204204610BD0000000801400010014003480078B9
:209DA00008B900F005B80020704700002000002070B5094D00244FF40041284628F0DAFBA0
:209DC00000B901244FF48051284628F0D3FB08B944F00204204670BD00080140034908888A
:209DE000002801D000220A8070470000520000200349097809B900F005B800207047000082
:209E000020000020014610B51148124A07291CD2DFE801F004060C0E11141700012100E009
:209E2000022128F0A7FB80B9012010BD0421F8E708210948F5E74FF4804104E04FF4005148
:209E400001E04FF400611046EBE7002010BD00000010014000080140000C0140FEB518496D
:209E60001B202AF0A9FC012110202AF013F917208DF8000000268DF8016007208DF80200FA
:209E800001258DF80350684629F02EFC4024ADF8004004208DF8030069460A4828F0F0FADB
:209EA0000621022028F0D8FA8DF8086010208DF8090001948DF80A5001A828F015FAFEBDC5
:209EC000B59B00080010014002480021017000F003B800002000002010B501211C202AF0D5
:209EE000D9F8BDE8104000F0BFBA0000F8B54FF40060ADF800001024224E8DF803400325AA
:209F00008DF802506946304628F0BAFA0120ADF800006946304628F0B3FA0220ADF8000002
:209F20006946304628F0ACFAA001ADF800006946304628F0A5FA2026ADF80060124F8DF8EB
:209F400003408DF802506946384628F099FAADF800406946384628F093FA8020ADF8000013
:209F600018208DF80300094C8DF802506946204628F086FAADF800606946204628F080FA9C
:209F8000F8BD0000000C01400010014000080140F8B54FF40060ADF800001024224E8DF807
:209FA000034003258DF802506946304628F068FA0120ADF800006946304628F061FA022040
:209FC000ADF800006946304628F05AFAA001ADF800006946304628F053FA2026ADF8006030
:209FE000124F8DF803408DF802506946384628F047FAADF800406946384628F041FA8020D6
:020000040800F2
:20A00000ADF8000018208DF80300094C8DF802506946204628F034FAADF80060694620463A
:20A0200028F02EFAF8BD0000000C01400010014000080140F8B54FF40060ADF8000010241B
:20A04000224E8DF8034003258DF802506946304628F016FA0120ADF800006946304628F079
:20A060000FFA0220ADF800006946304628F008FAA001ADF800006946304628F001FA20260D
:20A08000ADF80060124F8DF803408DF802506946384628F0F5F9ADF800406946384628F05E
:20A0A000EFF98020ADF8000018208DF80300094C8DF802506946204628F0E2F9ADF800607A
:20A0C0006946204628F0DCF9F8BD0000000C014000100140000801402DE9F8434FF480705E
:20A0E000ADF800001024DFF89C808DF8034003258DF802506946404628F0C2F90120224E34
:20A10000ADF800006946304628F0BAF90220ADF800006946304628F0B3F9A001ADF80000B4
:20A120006946304628F0ACF9E001ADF800006946304628F0A5F92026ADF80060134F8DF8AA
:20A1400003408DF802506946384628F099F9ADF800406946384628F093F98020ADF8000013
:20A1600018208DF803008DF802506946404628F087F9ADF800606946404628F081F9BDE80A
:20A18000F883000000080140000C014000100140F8B54FF40060ADF800001024224E8DF83F
:20A1A000034003258DF802506946304628F068F90120ADF800006946304628F061F9022040
:20A1C000ADF800006946304628F05AF9A001ADF800006946304628F053F92026ADF8006030
:20A1E000124F8DF803408DF802506946384628F047F9ADF800406946384628F041F98020D6
:20A20000ADF8000018208DF80300094C8DF802506946204628F034F9ADF800606946204639
:20A2200028F02EF9F8BD0000000C014000100140000801402DE9F84310248DF803400325CE
:20A240008DF802502001DFF8A490ADF800006946484628F015F9DFF898808027ADF8007048
:20A260006946404628F00CF90120224EADF800006946304628F004F90220ADF800006946A6
:20A28000304628F0FDF8A001ADF800006946304628F0F6F8E001ADF800006946304628F007
:20A2A000EFF82026ADF800608DF803408DF802506946404628F0E4F8ADF80040694640468A
:20A2C00028F0DEF8ADF8007018208DF803008DF802506946484628F0D3F8ADF80060694610
:20A2E000484628F0CDF8BDE8F88300000008014000100140000C01402DE9F8434FF4807068
:20A30000ADF800001024DFF89C808DF8034003258DF802506946404628F0B2F80120224E22
:20A32000ADF800006946304628F0AAF80220ADF800006946304628F0A3F8A001ADF80000B4
:20A340006946304628F09CF8E001ADF800006946304628F095F82026ADF80060134F8DF8AA
:20A3600003408DF802506946384628F089F8ADF800406946384628F083F88020ADF8000013
:20A3800018208DF803008DF802506946404628F077F8ADF800606946404628F071F8BDE80A
:20A3A000F883000000080140000C0140001001402DE9F8434FF48070ADF800001024DFF807
:20A3C0009C808DF8034003258DF802506946404628F056F80120224EADF8000069463046A4
:20A3E00028F04EF80220ADF800006946304628F047F8A001ADF800006946304628F040F801
:20A40000E001ADF800006946304628F039F82026ADF80060134F8DF803408DF8025069464D
:20A42000384628F02DF8ADF800406946384628F027F88020ADF8000018208DF803008DF88E
:20A4400002506946404628F01BF8ADF800606946404628F015F8BDE8F88300000008014082
:20A46000000C014000100140F8B50120ADF800004820264E8DF803006946304628F000F832
:20A480000224ADF800406946304627F0F9FF0420ADF800006946304627F0F2FF0825ADF8B5
:20A4A000005069461A4827F0EBFF6003194FADF800006946384627F0E3FF2003ADF80000DC
:20A4C0006946384627F0DCFFA002ADF800006946384627F0D5FFADF800406946384627F0D5
:20A4E000CFFFADF800506946304627F0C9FFA003ADF800006946384627F0C2FFE002ADF8C1
:20A5000000006946384627F0BBFFF8BD00100140000C01400008014010B501218C072046C1
:20A520002CF069FA002807D0012120462CF054FABDE8104000F0F2BC10BD000010B50A4C30
:20A54000012120462CF057FA00280BD00022012120462CF05CFA012120462CF03DFA0349C0
:20A560000120087010BD0000000400402100002001484068406800470000002010B50448DF
:20A58000FEF7C4FC0349C0F18000486010BD0000580002409405002070B50C4E04460D46A5
:20A5A0003046FEF73DFC0A48C560014644603046FEF7C0FC0122802106482CF079FB304656
:20A5C000BDE870400121FEF71FBC000044000240807A00200038014070B50C4E04460D46FF
:20A5E0003046FEF71DFC0A48C560014644603046FEF7A0FC0122802106482CF059FB304676
:20A60000BDE870400121FEF7FFBB000080000240CC1800200044004010B5154C2070C0B2A2
:20A62000617008280BD2DFE800F00407101316191C1F28F031F901E028F04EF96060BDE806
:20A6400010400C490CA02CF0A7BA28F0C5F8F5E728F062F8F2E728F07FF8EFE728F09CF81F
:20A66000ECE728F0D9F8E9E728F0F6F8E6E7000000000020CC050020446973706C61794153
:20A6800064643D3078252E385800000070B52948FEF76DFC27482849016028491025C0E9A6
:20A6A00001150C210024C0E9031480214161490081618900C0E90714C900C0E90914204EBB
:20A6C0003046FEF7ADFB1B493046FEF733FC19482C302AF0EFFA17484FF440412C300180A9
:20A6E0004FF482714180E9018180C4800481891041818581C481104C05820C3C20462AF05E
:20A7000089FA0C4920462C312AF0AEFA002120462AF0C6FA0122022120462AF073FA012126
:20A7200020462AF065FA3046BDE870400121FEF76BBB0000CC1700200C300140CC050020C1
:20A740003000024070B52948FEF711FC27482849016028491025C0E9011518210024C0E943
:20A76000031480214161490081618900C0E90714C900C0E90914204E3046FEF751FB1B49EF
:20A780003046FEF7D7FB19482C302AF093FA17484FF440412C3001804FF482714180E90137
:20A7A0008180C4800481891041818581C481104C05820C3C20462AF02DFA0C4920462C313F
:20A7C0002AF052FA002120462AF06AFA0122022120462AF017FA012120462AF009FA30461C
:20A7E000BDE870400121FEF70FBB00000C1800200C300140CC0500203000024070B5294869
:20A80000FEF7B5FB27482849016028491025C0E9011504210024C0E9031480214161490058
:20A8200081618900C0E90714C900C0E90914204E3046FEF7F5FA1B493046FEF77BFB1948EC
:20A840002C302AF037FA17484FF440412C3001804FF482714180E9018180C480048189100D
:20A8600041818581C481104C05820C3C20462AF0D1F90C4920462C312AF0F6F900212046AE
:20A880002AF00EFA0122022120462AF0BBF9012120462AF0ADF93046BDE870400121FEF7F2
:20A8A000B3BA0000F81800200C300140CC0500203000024070B52848FEF759FB264827495F
:20A8C000016027491025C0E901150024C0E9035480214161490081618900C0E90714C9000B
:20A8E000C0E909141F4E3046FEF79AFA1A493046FEF720FB18482C302AF0DCF916484FF4F1
:20A9000040412C3001804FF482714180E9018180C4800481891041818581C4810F4C0582A6
:20A920000C3C20462AF076F90B4920462C312AF09BF9002120462AF0B3F901220221204622
:20A940002AF060F9012120462AF052F93046BDE870400121FEF758BA381900200C300140B5
:20A96000CC0500203000024070B52948FEF7FFFA27482849016028491025C0E901153021F9
:20A980000024C0E9031480214161490081618900C0E90714C900C0E90914204E3046FEF7B0
:20A9A0003FFA1B493046FEF7C5FA19482C302AF081F917484FF440412C3001804FF4827149
:20A9C0004180E9018180C4800481891041818581C481104C05820C3C20462AF01BF90C4948
:20A9E00020462C312AF040F9002120462AF058F90122022120462AF005F9012120462AF0E9
:20AA0000F7F83046BDE870400121FEF7FDB90000781900200C300140CC050020300002401E
:20AA20002DE9F0412848FEF7A2FA27482749016027491025C0E9011500248026C0E904466D
:20AA40000C21C160290181618900C0E90714C900C0E909141F4F3846FEF7E2F91A49384623
:20AA6000FEF768FA18482C302AF024F916484FF440412C3001804FF482714180E9018180AB
:20AA8000C4800481891041818581104CC68105820C3C20462AF0BEF80B4920462C312AF0B3
:20AAA000E3F8002120462AF0FBF80122022120462AF0A8F8012120462AF09AF83846BDE86A
:20AAC000F0410121FEF7A0B9B81900200C300140CC0500203000024070B52948FEF747FA38
:20AAE00027482849016028491025C0E9011530210024C0E903148021416149008161890084
:20AB0000C0E90714C900C0E90914204E3046FEF787F91B493046FEF70DFA19482C302AF0DC
:20AB2000C9F817484FF440412C3001804FF482714180E9018180C480048189104181858148
:20AB4000C481104C05820C3C20462AF063F80C4920462C312AF088F8002120462AF0A0F8BF
:20AB60000122022120462AF04DF8012120462AF03FF83046BDE870400121FEF745B9000011
:20AB8000F81900200C300140CC0500203000024070B52948FEF7EBF9274828490160284983
:20ABA0001025C0E9011530210024C0E9031480214161490081618900C0E90714C900C0E93F
:20ABC0000914204E3046FEF72BF91B493046FEF7B1F919482C302AF06DF817484FF4404183
:20ABE0002C3001804FF482714180E9018180C4800481891041818581C481104C05820C3CFC
:20AC000020462AF007F80C4920462C312AF02CF8002120462AF044F801220221204629F0BD
:20AC2000F1FF0121204629F0E3FF3046BDE870400121FEF7E9B80000381A00200C3001402F
:20AC4000CC0500203000024010B54FF0804450B10122114620462BF0DAFE2046BDE810409A
:20AC600001212BF0BCBE002120462BF0B8FE0022012120462BF0CBFEBDE81040FFF778BC18
:20AC80000348007810B903482BF0B3BE00207047210000200004004010B504460948FEF7A0
:20ACA00035F9094AC0F180015068884208D00749095C401C217000F07F005060012010BDD8
:20ACC000002010BD5800024094050020007A002010B504460948FEF719F9094AC0F18001AE
:20ACE0005068884208D00749095C401C217000F07F005060012010BD002010BD6C000240B0
:20AD0000240000204C1800202DE9F04385B00121052029F0BFF90121880329F0BBF9012139
:20AD2000084629F093F94FF40070ADF8100003208DF812001820324C8DF8130004A920469D
:20AD400027F09EFB2015ADF8100048208DF8130004A9204627F094FB00254FF46120009027
:20AD6000ADF808500C20DFF89C80ADF80450ADF80A00ADF80650ADF80C50694640462BF0C3
:20AD80009FFFDFF884904846FEF74AF81F4C8026A4F18000211D61C1C4E9045608F10407D4
:20ADA000A56120202760C4E907504FF44050C4E9090510394846FEF7BDF8012240214046A9
:20ADC0002BF076FF01214846FEF71EF8012140462BF064FF0C481438FEF722F8C4E904564C
:20ADE000A561E561276010202562A0600002C4E9090507490120087005B0BDE8F083000056
:20AE0000000801400038014058000240807A0020940500202DE9F04385B00121052029F025
:20AE200039F90121480429F01DF90121084629F00DF90420ADF8100003208DF812001820E9
:20AE4000314C8DF8130004A9204627F019FB0820ADF8100048208DF8130004A9204627F098
:20AE60000FFB00254FF4E1300090ADF808500C20DFF89880ADF80450ADF80A00ADF8065004
:20AE8000ADF80C50694640462BF01AFFDFF880904846FDF7C5FF1F4C8026A4F18000211DB7
:20AEA00061C1C4E9045608F10407A56120202760C4E907504FF44050C4E90905103948462F
:20AEC000FEF738F80122402140462BF0F1FE01214846FDF799FF012140462BF0DFFE0C4809
:20AEE0001430FDF79DFFC4E90456A561E561276010202562A0600002C4E9090506490120C0
:20AF0000087005B0BDE8F08300080140004400406C000240CC180020240000200148406838
:20AF2000006800470000002010B50F4C002120462BF055FD0022012120462BF068FD0121E2
:20AF400020462BF049FD094900200870084908804FF00102114620462BF059FD2046BDE8EC
:20AF6000104001212BF03BBD00040040210000202404004005490978002906D00449B1F89B
:20AF800000285206FBD5A1F804087047940500200030014005494A7849681AB1012A03D150
:20AFA000C96808478968FCE7704700000000002010B54FF4005401E027F052FE2046FDF768
:20AFC000A9FF0028F8D010BD10B54FF0007401E027F046FE2046FDF79DFF0028F8D010BDA5
:20AFE000704710B5FEF770FFFEF79CFEFEF764FDBDE81040FEF732BF41617047016170473F
:20B0000065873412440000001000000054000000A0010000F4010000D81E0000CC200000DE
:20B02000D8000000A421000050550000F476000020030000147A000000030000147D00001F
:20B0400050000000020304060807090100000000000000017265640000000000000000003C
:20B060000000000000303030303030303030303030303030677265656E00000000000000EF
:20B0800000000000000C0C0C0C0C0C0C0C0C0C0C0C0C0C0C626C7565000000000000000054
:20B0A000000000000003030303030303030303030303030379656C6C6F77000000000000C7
:20B0C00000000000003C0000003C000000000000000000006379616E00000000000000004D
:20B0E00000000000000F0000000F00000000000000000000707572706C650000000000009A
:20B100000000000000320000003200000000000000000000776869746500000000000000AA
:20B1200000000000003F3F3F3F3F3F3F3F3F3F3F3F3F3F3F7265642D73657269657300006B
:20B140000000000000303132333B3F000000000000000000677265656E2D736572696573E6
:20B16000000000000004080C1C2C3F000000000000000000626C75652D73657269657300D0
:20B1800000000000000203071B2B3F00000000000000000079656C6C6F772D73657269653D
:20B1A000730000000024383C3D3E3F0000000000000000006379616E2D7365726965730067
:20B1C0000000000000070B0F1F2F3F0000000000000000005247422D73657269657300002E
:20B1E00000000000003034383C2C0C182D0F0B032226373238783878380000000000000094
:20B2000000000000600000004300000008080803020004FF818181818181FF8100000000E5
:20B22000000081810000000000008181000000000000818100000000000081810000000006
:20B240000000818100000000000081FF818181818181FF0048454C4C4F00000000000000F3
:20B2600000000000600000004300000008080803020002EAAAAAAAEA0A000001000101012C
:20B280000000000100010001000000010101010100000000000000000000000101010101A1
:20B2A0000101000000000100000000010101010101010000317838783800000000000000F3
:20B2C00000000000280000000B00000001080803020001FF818181818181FF0033000000ED
:20B2E000000000000000000000000000280000000B000000080801030200043C4240403CC7
:20B3000040423C0032000000000000000000000000000000280000000B00000008080103F6
:20B320000200027E0408102040423C00310000000000000000000000000000002800000038
:20B340000B000000080801030200017E1010101010141800474F000000000000000000003B
:20B3600000000000280000000B0000000808010302000546A9A9BDA1A1410E0077617465E8
:20B380007266616C6C310000000000007C0000005E00000008040804050001030506808164
:20B3A0008082808380841160111260121360131460141160111260121360131460141160EB
:20B3C000111260121360131460141160111260121360131460141160111260121360131416
:20B3E00060141160111260121360131460148081808280838084000038783878310000002A
:20B400000000000000000000200000000400000008080106010180804172726F777335003C
:20B420000000000000000000D4000000B500000008080804060001020304051112131415F3
:20B440004011121314154011121314154011121314153011121314152011121314152011D0
:20B460001213141520111213141540111213141583301112131415401112131415833011EB
:20B480001213141540111213141583301112131415301112131415833011121314152011DB
:20B4A0001213141583301112131415201112131415833011121314152011121314154011CB
:20B4C00012131415401112131415401112131415301112131415201112131415201112137C
:20B4E00014152011121314153000000063726F73737769736538646F7400000020000000F3
:20B50000030000000108010301010000766572746963616C38646F74000000002000000020
:20B5200003000000010108030101000034737472697000000000000000000000280000006B
:20B540000B000000080808060200011160118300116011004C4F5645000000000000000002
:20B56000000000004000000023000000200801030200017C1E0C3E042112010421211F04B4
:20B5800021212104212121041E211E04000000040000000033443853000000000000000076
:20B5A000000000004000000023000000200801030200013C3E3C3C424242424042424040BB
:20B5C0004242203C423C1C40424202424242423C3E3C3C0063756265616D70310000000023
:20B5E000000000002C0000000E0000000808080602000181B6050C056C050C0581B60000EA
:20B6000063756265616D703200000000000000004C0000002E0000000808080602000181FF
:20B6200024090809080908094809080304030803040308094809080304030803040308099E
:20B6400048090809080908098124000063756265616D703300000000000000006000000051
:20B6600043000000080808030200010000000000000000007E7E7E7E7E7E00007E42424231
:20B68000427E00007E424242427E00007E424242427E00007E424242427E00007E7E7E7EE6
:20B6A0007E7E0000000000000000000063756265616D70340000000000000000600000001D
:20B6C0004300000008080803020001FFFFFFFFFFFFFFFFFF818181818181FFFF818181810A
:20B6E0008181FFFF818181818181FFFF818181818181FFFF818181818181FFFF818181813A
:20B700008181FFFFFFFFFFFFFFFFFF0038783878333200000000000000000000400000002B
:20B720002300000020080103020001000000000E7080F3518A521491890C248E718C43511C
:20B740008A1284118840940E7080630043554245000000000000000000000000400000009C
:20B76000230000002008010302000178381E1F844422010444220104441E1F0444220184C0
:20B7800044220178441E1F00000000006D6574656F72000000000000000000002C00000091
:20B7A0000D0000000108010108000102030405060770563412000000387838746573740099
:20B7C00000000000000000002000000004000000010808060101808049490000000000009A
:20B7E00000000000000000004C0000002D0000000808080407000102030405068C00808606
:20B80000302660256025602460236022406110808630266025602560246023602240618C72
:20B8200010000000585800000000000000000000000000004C0000002E00000008080804B2
:20B8400007000102030405068C302650463065108084808380821021202180C02650463008
:20B860006510808480838082102120218C9000005555000000000000000000000000000012
:20B8800058000000390000000808080407000102030405068C106610264026254045402532
:20B8A0002440242340232240222140211066102640262540454025244024234023224022C1
:20B8C0002140218C00000000347834783400000000000000000000002000000004000000AA
:20B8E0000404040601018080334438000000000000000000000000006000000043000000E2
:20B9000008080803020005718A8A728A897000010101010101000000000000000000000085
:20B920000101000101000001000001000001000100000100000100010000000000010000FB
:20B940000100000001000000656D7074790000000000000000000000200000000400000092
:20B9600008080806010084003878317838000000000000000000000020000000040000006F
:20B980000801080601018080422D435542450000000000000000000060000000430000005D
:20B9A00008080803020001FFFFFFFFFFFFFFFF8181818181818181818181818181818181E0
:20B9C00081818181818181818181818181818181818181818181818181818181818181FFC9
:20B9E000FFFFFFFFFFFFFF00472D435542450000000000000000000054000000380000002F
:20BA00000808080602000180820D040D040D040D040D040D040D040D80840D040D040D0448
:20BA20000D040D040D040D040D80840D040D040D040D040D040D040D040D8102522D435593
:20BA400042450000000000000000000054000000380000000808080602000181020D040D11
:20BA6000040D040D040D040D040D040D80840D040D040D040D040D040D040D040D80840DC7
:20BA8000040D040D040D040D040D040D040D808249000000000000000000000000000000E4
:20BAA000280000000B000000080801030200017E18181818187E0000580000000000000070
:20BAC0000000000000000000280000000B00000008080103020001183C7E7E7E240000002A
:20BAE00055000000000000000000000000000000280000000B000000080801030200013C6B
:20BB00004242424242420000436972636C65310000000000000000004400000027000000AB
:20BB2000080808060200010508070C0340030C0708070C0360030C038200030C0360030CD8
:20BB40000708070C0340030C07080500436972636C65320000000000000000006000000079
:20BB600043000000080808030200013C4281818181423C428100000000814281000000005D
:20BB800000008181000000000000818100000000000081810000000000008142810000005B
:20BBA0000081423C4281818181423C00436972636C653300000000000000000060000000DD
:20BBC0004300000008080803020001003C424242423C003C0081818181003C428100000045
:20BBE0000081424281000000008142428100000000814242810000000081423C0081818131
:20BC000081003C003C424242423C0000436972636C65340000000000000000006000000001
:20BC2000430000000808080302000100001824241800000000000000000000180000818111
:20BC4000000018240081000081002424008100008100241800008181000018000000000006
:20BC6000000000000018242418000000436972636C65350000000000000000004000000085
:20BC8000220000000808080602000136050C05813C0526030C050C0326050C0526030C0594
:20BCA0000C032605813C050C05360000327832000000000000000000000000002000000045
:20BCC0000300000002020203010100006861707079420000000000000000000040000000B2
:20BCE00023000000200801030200017F3FC51008212993082111543EFFFF5808A151FE0957
:20BD0000A17F127E3F11120A0011FE004C0000000000000000000000000000003400000078
:20BD20001700000008080806020001020D0405060304050C050C050C050C050C05838A003F
:20BD40004F000000000000000000000000000000400000002100000008080806020001040E
:20BD6000090605040504050405040504050405040504050405040504050609838400000036
:20BD80005600000000000000000000000000000040000000230000000808080602000106C3
:20BDA000050A030403060504050405040504050405040504050405040504050405838200F7
:20BDC0004500000000000000000000000000000034000000150000000808080602000102B2
:20BDE0000D04050C050C0D04050C050C050C0D8382000000436972636C652D320000000009
:20BE000000000000280000000B0000000801080302000100001824241800000043697263DF
:20BE20006C652D330000000000000000280000000B00000008010803020001003C42424285
:20BE4000423C0000436972636C652D340000000000000000280000000B000000080108036A
:20BE60000200013C4281818181423C00436972636C652D35000000000000000028000000E3
:20BE80000B00000008010803020001C3810000000081C30038783878315200000000000015
:20BEA0000000000034000000160000000808080407000102030405068081808281038104F4
:20BEC000808580869C0000006672616D6531000000000000000000005000000034000000FB
:20BEE0000808080407000102030405068C008081126012136023601314602460141560155A
:20BF0000808680811260121360236013146024601415601580868C006672616D6532000028
:20BF200000000000000000005C0000004000000008080804060002030405068C30225013EE
:20BF40002013301440141015601514601410134013301220125021602250132013301440FD
:20BF60001410156015146014101340133012201250218C306672616D653400000000000035
:20BF8000000000005C0000003F000000080808040500010204068C00116011101240123026
:20BFA000132013502460245013201330124012101160216011101240123013201350246048
:20BFC000245013201330124012101160118C00005475726E5269676874310000000000001D
:20BFE000B800000099000000080808040500010204061180801180801180801180801180ED
:020000040800F2
:20C0000080118080118080111012701280801280801280801280801280801270123013703A
:20C020001380801370138080137013808013701350147014701470148080147014701470AF
:20C040001470147014701470146014701470147014809013701360137013601370136013B7
:20C06000701380B012701260126012601260126012701280D0116011601160116011601127
:20C0800060116011700000005475726E526967687432000000000000940000007800000069
:20C0A00008080804050001020406701183001180D01270121182001112701280B01370135B
:20C0C00080801211810011128080137013809014701470141360141312211213146013144A
:20C0E0007014701470147014601314401112131480801413121140141360147014501370A3
:20C100001350111281C0121150137013301260111282C012116012101183E011776174656D
:20C120007266616C6C320000000000007C0000005E000000080408040500010305068084B2
:20C1400080838082808114601413601312601211601114601413601312601211601114603D
:20C16000141360131260121160111460141360131260121160111460141360131260121168
:20C1800060111460141360131260121160118084808380828081000073717561726531004E
:20C1A0000000000000000000500000003400000008080805030003060A1011100A80800A83
:20C1C000101110121011100A80800A1011100A84000A1011100A80800A1011101210111055
:20C1E0000A80800A1011100A73717561726532000000000000000000740000005600000063
:20C200000808080503000306140506040A0C0506040970090406050C0A04060528050604C0
:20C220000A0C0506040970090406050C0A04060584280506040A0C050604097009040605B2
:20C240000C0A040605280506040A0C0506040970090406050C0A04060514000073717561D9
:20C2600072653300000000000000000074000000560000000808080503000306100506188E
:20C280000506080A18093009180A080605180605200506180506080A18093009180A0806E5
:20C2A0000518060584200506180506080A18093009180A080605180605200506180506086A
:20C2C0000A18093009180A08060518060510000073717561726534000000000000000000CD
:20C2E0006C0000004E00000008080805030003060C05061805062C0A1011100A2C06051861
:20C3000006051805061805062C0A1011100A2C0605180605841805061805062C0A101110D0
:20C320000A2C06051806051805061805062C0A1011100A2C06051806050C000073717561C2
:20C340007265350000000000000000006C0000004E000000080808050300030608050618C3
:20C360000506280918121809280605180605100506180506280918121809280605180605D0
:20C38000841005061805062809181218092806051806051005061805062809181218092827
:20C3A0000605180605080000737175617265360000000000000000007400000056000000B6
:20C3C00008080805030003060405061805060C09180A400A18090C060518060508050618FB
:20C3E00005060C09180A400A18090C0605180605840805061805060C09180A400A18090CEE
:20C4000006051806050805061805060C09180A400A18090C06051806050400007261696E2E
:20C42000310000000000000000000000240100000801000008080801070001020304050668
:20C440000600060000600005000500000000400004300000000000032000020000100010AD
:20C4600000060060000006005000005000404000400000000020303002000000000100016C
:20C480000000000660000600005000050400004000403000000300300200200000100010B2
:20C4A0000006600000000500500000100040400040000000003000030200000000011000AB
:20C4C0000600006000600005500050000400034000404000000320300200010000010002D1
:20C4E000600060000005504040000000000004300303000300000200200000200101100016
:20C500000660000650000500004000404000400003300030200002020001000000000110C1
:20C52000000600600500500000050040040003040003003020000302001000100101100066
:20C540007261696E32000000000000000000000024010000080100000808080107000102AE
:20C560000304050600000006600006000050000504000040004030000003003002002000DF
:20C580000010001006000060006000055000500004000340004040000003203002000100F3
:20C5A000000100020600060000600005000500000000400004300000000000032000020069
:20C5C0000010001006600006500005000040004040004000033000302000020200010000F2
:20C5E0000000011000060060000006005000005000404000400000000020303002000000DC
:20C60000000100010006006005005000000500400400030400030030200003020010001095
:20C620000101100060006000000550404000000000000430030300030000020020000020D4
:20C64000010110000006600000000500500000100040400040000000003000030200000008
:20C660000001100039383736343332313000000000000000D4000000B5000000300801040B
:20C680000B000102030405060708090A4110422013304410453016204710481039104A30F1
:20C6A000111012201220133014201440153016501710185019201A201A30111012201220AE
:20C6C000133014201440153016501710185019201A201A411042201330441045104610478C
:20C6E00010482019201A201A1120111012201230132014401540161016501740182019203F
:20C700001A201A1120111012201240131014401540161016501740182019201A201A41102A
:20C720004210431044104510161016204710481029204A8300000000417564696F47310020
:20C740000000000000000000AC0000008F0000000809080407000102030405062640464079
:20C7600026254045402524402423402322402221404140212640464026254045402524406A
:20C7800024234023224022214041402184B026602660256025602460236022602160216093
:20C7A000266026602560256024602360226021602184B0264046402625404540252440245B
:20C7C000234023224022214041402126404640262540454025244024234023224022214038
:20C7E000414021003878387838616C6C000000000000000020000000040000000808080684
:20C800000101840044656D6F2D5465787400000000000000300200001202000040080804A1
:20C8200010000102030405060708090A0B0C0D0E0F11301510161718191A101B1C1D1E1000
:20C840001F11121320151617701A101C301F11122014301810191A1B1C101D1E1F11501127
:20C8600030151016501B401F40143018601A101C201E3013101420172019401D301240113C
:20C8800030151016501B401F401430185019101B101D101E3013101410163019401D301263
:20C8A00040111213141510161718191A101B401F401430185019101B101D101E30131014D5
:20C8C0001516172019401D3012401130151016501B401F401430185019101B101D101E30FD
:20C8E00013101430181019401D3012401130151016501B401F401430185019101B101D10FE
:20C900001E3013101430181019401D30124011301510161718191A101B401F5015161760E8
:20C9200019101B101D201F111220141516172019401D1E1F118450113015201718191A100E
:20C940001B401F40145018191A201C101D50141510162019201B1C1D201F111213101430F0
:20C9600011301510162019201B401F50154018201B101C101D401330162019101A201D10CE
:20C980001E201230152011301510162019201B1C1D201F111230154018201B101C101D1E08
:20C9A00010111213141510162019101A201D101E2012301520111213141510162019201B84
:20C9C000201E101F20132015163018191A201C101D101F201330161718301B1C1D201F11DD
:20C9E00040151610113015201718301B201E101F2013101420172018601D20111013301682
:20CA0000701D70142017113015701B1C1D201F1112201420172018401C60133016701D709D
:20CA200014201711301581701880F016701DFFF0C4C00000417564696F473200000000005B
:20CA400000000000A00000008400000008090804070001020304050684B0266026602560B4
:20CA60002560246023602260216021602660266025602560246023602260216021302640CF
:20CA8000464026254045402524402423402322402221404140212640464026254045402525
:20CAA000244024234023224022214041402184B0266026602560256024602360226021608D
:20CAC0002160266026602560256024602360226021602130576176653100000000000000A0
:20CAE000000000004C010000300100001008080407000102030405061180E011101280C094
:20CB000012301280A012501380801370146014809014401480B015201580D026701180E0D8
:20CB200011101280C012301280A012501380801370146014809014401480B015201580D04C
:20CB400026701180E011101280C012301280A012501380801370146014809014401480B0BF
:20CB600015201580D026701180E011101280C012301280A01250138080137014601480909D
:20CB800014401480B015201580D026701180E011101280C012301280A0125013808013707D
:20CBA000146014809014401480B015201580D026701180E011101280C012301280A012505B
:20CBC0001380801370146014809014401480B015201580D026701180E011101280C0123039
:20CBE0001280A012501380801370146014809014401480B015201580D026701180E0111019
:20CC00001280C012301280A012501380801370146014809014401480B015201580D02670F6
:20CC200057617665320000000000000000000000B4000000980000001008080405000103B6
:20CC4000050682003180B0213031503180805185503280B02230325032808052845023808C
:20CC6000D013202380902350137013808023302380B03383602480D0142024809024501455
:20CC80007014808024302480B03483602480D014202480902450147014808024302480B0C1
:20CCA0003483602380D013202380902350137013808023302380B03384603280B0223032D8
:20CCC000503280805285503180B021303150318080518350466C795F340000000000000065
:20CCE00000000000600000004200000008080804070001020304050680E02183E0215022E3
:20CD000081201682B022502340147016831023501415601682E02370151415601682402289
:20CD2000702380801580801681A021702283502183600000466C795F3300000000000000CD
:20CD400000000000580000003C00000008080804070001020304050681602183E01211502F
:20CD60001383E0131413301683901413501615835013147015161583301314138080151646
:20CD800082A0111280801383502182E0466C795F32000000000000000000000058000000D1
:20CDA0003C00000008080804070001020304050682E0218350138080121182A01680901318
:20CDC0001413834016157014138350151615401314838015163013141383E0135011128329
:20CDE000E0218160466C795F3100000000000000000000005C0000003E00000008080804E0
:20CE0000070001020304050683E0218350227021822015809013147022824016701514708B
:20CE2000141382E0166014151440131483801415401413502283E022502183E02160000070
:20CE4000487569000000000000000000000000004C0100002E010000100808040700010202
:20CE600003040506826012211280C012211280C012211280C012211283C012211280A0142E
:20CE80001340131480801413401314808014134013148080141340131480A012211281C0C8
:20CEA00012211280A01413401314816015148080141540151480801415816014134013144B
:20CEC00080A012211280C012211280A014134013146015148080141520161580C01526152D
:20CEE00080C015162015148080141560141340131480A012211280C012211280A0141340F6
:20CF000013146015148080141520161580C015261580C015162015148080141560141340B9
:20CF2000131480A012211280C012211280A014134013148160151480801415401514808096
:20CF400014158160141340131480A012211281C012211280A0141340131480801413401326
:20CF600014808014134013148080141340131480A012211283C012211280C012211280C0CF
:20CF800012211280C01221128260000048656C6C6F694375626500000000000040010000C8
:20CFA000220100004008080407000102030405061130112041201120112031601130412076
:20CFC0003120413041105120111012301210125012201220123012501220125012301210E6
:20CFE000123012101280A01210121013301310135013201320133013501320135013301396
:20D0000010133013101380A013101310541054101420142014301450142014501430141049
:20D020004420542044201410153015101530151015201520153015501520155015301510A4
:20D04000155015301510156015101530152035201520153035809015501530151015603560
:20D06000201570151630167016201680C0163046701680C04682F0168150112011205110EA
:20D0800011603182A0122012101230122012501282D0132013101330132023401382D01496
:20D0A00020141014301420141014106482A01520151015301520152015201582C015102507
:20D0C000303530155015FFF0CAD00000416C6C41726F756E640000000000000074000000C2
:20D0E000070000000600000005000000040000000300000002000000010000000000000014
:20D100000000010000000200000003000000040000000500000006000000070001000700EB
:20D12000020007000300070004000700050007000600070007000700070006000700050091
:20D14000070004000700030007000200070001000700000054776F536964650000000000E3
:20D16000000000003C00000007000000060000000500000004000000030000000200000058
:20D18000010000000000000000000100000002000000030000000400000005000000060079
:20D1A0000000070030010000000000006400000001006400200100000000000000001D0030
:20D1C0003878387838000000000000000000000000000000000000000000000000000000B7
:20D1E00000000000000000000000000000000000000000001E002D0048454C4C4F00000070
:20D2000000000000000000000000000000000000000000000000000000000000000000000E
:20D2200000000000B4000000010000002E00400048454C4C4F000000000000000000000057
:20D240000000000000000000000000000000000000000000000000000000000000000000CE
:20D260000000000041004F003344380000000000000000000000000000000000000000006F
:20D280000000000000000000000000000000000000000000B4000000000000005000630027
:20D2A0003344380000000000000000000000000000000000000000000000000000000000BF
:20D2C0000000000000000000000000000000000000000000B8020000000000006400000030
:20D2E00001001400A802000000000000000007003300000000000000000000000000000035
:20D30000000000000000000000000000000000000000000000000000070000000000000006
:20D320000000000008000F00330000000000000000000000000000000000000000000000A3
:20D340000000000000000000000000000000000000000000000000000100000010001700A5
:20D3600032000000000000000000000000000000000000000000000000000000000000007B
:20D38000000000000000000007000000000000000100000018001F0032000000000000001C
:20D3A00000000000000000000000000000000000000000000000000000000000000000006D
:20D3C0000000000000000000010000002000270031000000000000000000000000000000D4
:20D3E000000000000000000000000000000000000000000000000000070000000000000026
:20D400000100000028002F0031000000000000000000000000000000000000000000000083
:20D42000000000000000000000000000000000000000000000000000010000003000370084
:20D44000474F00000000000000000000000000000000000000000000000000000000000036
:20D46000000000000000000007000000000000000000000038003F00474F00000000000098
:20D4800000000000000000000000000000000000000000000000000000000000000000008C
:20D4A00000000700000000000100000040004700474F000000000000000000000000000047
:20D4C000000000000000000000000000000000000000000000000000070000000000000045
:20D4E0000100000048004F00474F00000000000000000000000000000000000000000000FE
:20D5000000000000000000000000000000000000000007000000000000000000500057005D
:20D52000474F00000000000000000000000000000000000000000000000000000000000055
:20D54000000000000000000007000000000000000000000058006300474F00000000000073
:20D560000000000000000000000000000000000000000000000000000000000000000000AB
:20D5800000000000000000000000000048020000000000005F000000010064003802000043
:20D5A0000000000000000700776174657266616C6C310000000000007265642D7365726956
:20D5C000657300000000000000000000000007000000000000000000000000000800120052
:20D5E000776174657266616C6C320000000000007265642D73657269657300000000000044
:20D60000000000000700FDFF00000000000000000000000013001A00776174657266616C84
:20D620006C31000000000000677265656E2D7365726965730000000000000000000007007D
:20D640000000000000000000000000001B002500776174657266616C6C3200000000000096
:20D66000677265656E2D73657269657300000000000000000700FDFF0000000000000000DE
:20D680000000000026002D00776174657266616C6C31000000000000626C75652D73657225
:20D6A000696573000000000000000000000007000000000000000000000000002E003800BC
:20D6C000776174657266616C6C32000000000000626C75652D7365726965730000000000F6
:20D6E000000000000700FDFF00000000000000000000000039004000776174657266616C58
:20D700006C3100000000000079656C6C6F772D736572696573000000000000000000070011
:20D7200000000000000000000000000041004B00776174657266616C6C3200000000000069
:20D7400079656C6C6F772D736572696573000000000000000700FDFF000000000000000072
:20D76000000000004C005300776174657266616C6C310000000000006379616E2D736572F5
:20D780006965730000000000000000000000070000000000000000000000000054005E008F
:20D7A000776174657266616C6C320000000000006379616E2D736572696573000000000012
:20D7C000000000000700FDFF000000000000000000000000300400000000000055000000BD
:20D7E00001006400780000000000000020002700347374726970000000000000000000009F
:20D8000000000000000000000000000000000000F9FF000000000000000000000000000010
:20D82000000001002800540034737472697000000000000000000000000000000000000005
:20D8400000000000000000000000000000000000000000000000000000000000E8000000E0
:20D860000000000000000700766572746963616C38646F74000000000000000000000000C8
:20D8800000000000000000000000000000000000F9FF0000000000000000000008001F0069
:20D8A000766572746963616C38646F7400000000000000000000000000000000000000008F
:20D8C000000000000000000000000000000000000000010028002F00766572746963616C96
:20D8E00038646F74000000000000000000000000000000000000000007000700000000009B
:20D90000F9FF0000000000000000000030005400766572746963616C38646F7400000000B2
:20D920000000000000000000000000000000000007000700000000000000000000000000D9
:20D9400000000000E80000000000000008000F0063726F73737769736538646F7400000067
:20D960000000000000000000000000000000000000000000F9FF00000700070000000000A1
:20D980000000000010001F0063726F73737769736538646F740000000000000000000000F7
:20D9A0000000000000000000000000000000000007000700000000000000010030003700F1
:20D9C00063726F73737769736538646F7400000000000000000000000000000000000000E6
:20D9E00007000700F9FF00000700070000000000000000003800540063726F73737769730A
:20DA00006538646F7400000000000000000000000000000000000000070007000000000014
:20DA2000070007000000000000000000E80000000000000010001700766572746963616C6F
:20DA400038646F740000000000000000000000000000000000000000000000000700070039
:20DA600007000000000000000000010018001F00766572746963616C38646F74000000008E
:20DA8000000000000000000000000000000000000000000007000700000000000000000078
:20DAA0000000010038003F00766572746963616C38646F7400000000000000000000000015
:20DAC00000000000000000000700070007000700070000000000000000000000400054008F
:20DAE000766572746963616C38646F7400000000000000000000000000000000000000004D
:20DB00000700070007000700000000000000000000000000B00000000000000018001F0002
:20DB200063726F73737769736538646F740000000000000000000000000000000000000084
:20DB400000000000070000000000000000000000000001004000470063726F7373776973B9
:20DB60006538646F74000000000000000000000000000000000000000700070007000000AC
:20DB80000000000000000000000000004800540063726F73737769736538646F7400000088
:20DBA000000000000000000000000000000000000700070000000000000000000000000057
:20DBC000000000004000000000000000200054003178387838000000000000000000000000
:20DBE000000000000000000000000000000000000000000000000000000000000000000025
:20DC0000000001009803000000000000100000000200640088030000000000000000000067
:20DC200063756265616D7031000000000000000000000000000000000000000000000000D6
:20DC400003000300030003000300030000000000000000000100010063756265616D7032A1
:20DC600000000000000000000000000000000000000000000000000002000200020002009C
:20DC80000200020000000000000000000200020063756265616D703300000000000000006C
:20DCA00000000000000000000000000000000000010001000100010001000100000000005E
:20DCC000000000000300030063756265616D7034000000000000000000000000000000002D
:20DCE00000000000000000000000000000000000000000000000000000000000040004001C
:20DD000063756265616D7033000000000000000000000000000000000000000000000000F3
:20DD2000FFFFFFFFFFFFFFFFFFFFFFFF00000000000000000500050063756265616D7032D6
:20DD4000000000000000000000000000000000000000000000000000FEFFFEFFFEFFFEFFCF
:20DD6000FEFFFEFF00000000000000000600060063756265616D703100000000000000008F
:20DD800000000000000000000000000000000000FDFFFDFFFDFFFDFFFDFFFDFF000000009B
:20DDA0000000000007000700656D7074790000000000000000000000000000000000000026
:20DDC000000000000000000000000000000000000000000000000000000000000800080033
:20DDE00063756265616D7031000000000000000072656400000000000000000000000000DA
:20DE0000FDFFFDFFFDFFFDFFFDFFFDFF00000000000000000900090063756265616D7032F9
:20DE2000000000000000000072656400000000000000000000000000FEFFFEFFFEFFFEFFB3
:20DE4000FEFFFEFF00000000000000000A000A0063756265616D70330000000000000000A4
:20DE600072656400000000000000000000000000FFFFFFFFFFFFFFFFFFFFFFFF0000000073
:20DE8000000000000B000B0063756265616D70340000000000000000726564000000000020
:20DEA000000000000000000000000000000000000000000000000000000000000C000C004A
:20DEC00063756265616D7033000000000000000072656400000000000000000000000000F7
:20DEE00001000100010001000100010000000000000000000D000D0063756265616D7032F3
:20DF00000000000000000000726564000000000000000000000000000200020002000200BE
:20DF20000200020000000000000000000E000E0063756265616D70310000000000000000B3
:20DF4000726564000000000000000000000000000100010001000100010001000000000080
:20DF6000000000000F000F00656D7074790000000000000000000000726564000000000019
:20DF800000000000000000000000000000000000000000000000000000000000F807000082
:20DFA000000000002400000002006400E8070000000000000000000063756265616D7031DA
:20DFC000000000000000000000000000000000000000000000000000000000000000000041
:20DFE0000000000000000000000000000100010063756265616D7032000000000000000010
:020000040800F2
:20E00000000000000000000000000000000000000000000000000000000000000000000000
:20E02000000000000200020063756265616D703300000000000000000000000000000000CC
:20E040000000000000000000000000000000000000000000000000000000000003000300BA
:20E0600063756265616D70340000000000000000000000000000000000000000000000008F
:20E0800000000000000000000000000000000000000000000400040063756265616D703368
:20E0A000000000000000000000000000000000000000000000000000000000000000000060
:20E0C0000000000000000000000000000500050063756265616D7032000000000000000027
:20E0E000000000000000000000000000000000000000000000000000000000000000000020
:20E10000000000000600060063756265616D703100000000000000006379616E000000003A
:20E120000000000000000000000000000000000000000000000000000000000007000700D1
:20E1400063756265616D703200000000000000006379616E00000000000000000000000005
:20E1600000000000000000000000000000000000000000000800080063756265616D70337F
:20E1800000000000000000006379616E0000000000000000000000000000000000000000D4
:20E1A0000000000000000000000000000900090063756265616D703400000000000000003C
:20E1C0006379616E0000000000000000000000000000000000000000000000000000000094
:20E1E000000000000A000A0063756265616D703300000000000000006379616E0000000050
:20E20000000000000000000000000000000000000000000000000000000000000B000B00E8
:20E2200063756265616D703200000000000000006379616E00000000000000000000000024
:20E2400000000000000000000000000000000000000000000C000C0063756265616D703198
:20E260000000000000000000677265656E000000000000000000000000000000000000008D
:20E280000000000000000000000000000D000D0063756265616D7032000000000000000055
:20E2A000677265656E0000000000000000000000000000000000000000000000000000004D
:20E2C000000000000E000E0063756265616D70330000000000000000677265656E00000001
:20E2E000000000000000000000000000000000000000000000000000000000000F000F0000
:20E3000063756265616D70340000000000000000677265656E0000000000000000000000DB
:20E3200000000000000000000000000000000000000000001000100063756265616D7033AD
:20E340000000000000000000677265656E00000000000000000000000000000000000000AC
:20E360000000000000000000000000001100110063756265616D703200000000000000006C
:20E38000677265656E0000000000000000000000000000000000000000000000000000006C
:20E3A000000000001200120063756265616D7031000000000000000079656C6C6F7700008F
:20E3C000000000000000000000000000000000000000000000000000000000001300130017
:20E3E00063756265616D7032000000000000000079656C6C6F770000000000000000000072
:20E4000000000000000000000000000000000000000000001400140063756265616D7033C4
:20E42000000000000000000079656C6C6F7700000000000000000000000000000000000040
:20E440000000000000000000000000001500150063756265616D7034000000000000000081
:20E4600079656C6C6F77000000000000000000000000000000000000000000000000000000
:20E48000000000001600160063756265616D7033000000000000000079656C6C6F770000A4
:20E4A00000000000000000000000000000000000000000000000000000000000170017002E
:20E4C00063756265616D7032000000000000000079656C6C6F770000000000000000000091
:20E4E00000000000000000000000000000000000000000001800180063756265616D7031DE
:20E500000000000000000000726564000000000000000000000000000000000000000000C0
:20E520000000000000000000000000001900190063756265616D703200000000000000009A
:20E54000726564000000000000000000000000000000000000000000000000000000000080
:20E56000000000001A001A0063756265616D7033000000000000000072656400000000001C
:20E58000000000000000000000000000000000000000000000000000000000001B001B0045
:20E5A00063756265616D70340000000000000000726564000000000000000000000000000F
:20E5C00000000000000000000000000000000000000000001C001C0063756265616D7033F3
:20E5E0000000000000000000726564000000000000000000000000000000000000000000E0
:20E600000000000000000000000000001D001D0063756265616D70320000000000000000B1
:20E6200072656400000000000000000000000000000000000000000000000000000000009F
:20E64000000000001E001E0063756265616D70310000000000000000707572706C650000D8
:20E66000000000000000000000000000000000000000000000000000000000001F001F005C
:20E6800063756265616D70320000000000000000707572706C6500000000000000000000D3
:20E6A00000000000000000000000000000000000000000002000200063756265616D70330A
:20E6C0000000000000000000707572706C65000000000000000000000000000000000000A2
:20E6E0000000000000000000000000002100210063756265616D70340000000000000000C7
:20E70000707572706C65000000000000000000000000000000000000000000000000000061
:20E72000000000002200220063756265616D70330000000000000000707572706C650000ED
:20E74000000000000000000000000000000000000000000000000000000000002300230073
:20E7600063756265616D70320000000000000000707572706C6500000000000000000000F2
:20E780000000000000000000000000000000000000000000900000000000000010000000D9
:20E7A00006003C00400000000000000000000F005761766531000000000000000000000004
:20E7C0007265642D7365726965730000000000000000F1FF00000000000000000000000056
:20E7E00000000000400000000000000009000F0057617665310000000000000000000000FD
:20E800007265642D73657269657300000000000007000100000000000000000000000000FD
:20E820000000000010020000000000009000000001006400000200000000000000000F00C0
:20E840004949000000000000000000000000000079656C6C6F772D736572696573000000D2
:20E860000000000000000000FFFFFFFF0000AA000100000010001F00494900000000000030
:20E88000000000000000000079656C6C6F772D736572696573000000000000000000000024
:20E8A000FFFFFFFF0000AA000100000020002F0049490000000000000000000000000000D0
:20E8C00079656C6C6F772D7365726965730000000000000000000000FFFFFFFF0000AA003E
:20E8E0000100000030003F00585800000000000000000000000000007265642D73657269DD
:20E9000065730000000000000000000000000000FFFFFFFF0000AA000100000040004F00E9
:20E92000585800000000000000000000000000007265642D73657269657300000000000034
:20E940000000000000000000FFFFFFFF0000AA000100000050005F005858000000000000B1
:20E9600000000000000000007265642D7365726965730000000000000000000000000000A4
:20E98000FFFFFFFF0000AA000100000060006F005555000000000000000000000000000057
:20E9A000626C75652D73657269657300000000000000000000000000FFFFFFFF0000AA0051
:20E9C0000100000070007F0055550000000000000000000000000000626C75652D7365727E
:20E9E00069657300000000000000000000000000FFFFFFFF0000AA000100000080008F0020
:20EA000055550000000000000000000000000000626C75652D7365726965730000000000EC
:20EA20000000000000000000FFFFFFFF0000AA0001000000F00100000000000048000000F6
:20EA400002006400780000000000000000000F004172726F77733500000000000000000016
:20EA60007265642D736572696573000000000000F9FF0800000000000000000000000000A3
:20EA80000000000020002F004172726F7773350000000000000000007265642D7365726959
:20EAA00065730000000000000800F9FF00000000FFFFFFFFB400B4000100000078000000A1
:20EAC00000000000080017004172726F777335000000000000000000677265656E2D73654E
:20EAE0007269657300000000F9FF0800000000000000000000000000000000002800370004
:20EB00004172726F777335000000000000000000677265656E2D7365726965730000000079
:20EB20000800F9FF00000000FFFFFFFFB400B40001000000780000000000000010001F00C9
:20EB40004172726F77733500000000000000000079656C6C6F772D736572696573000000AE
:20EB6000F9FF08000000000000000000000000000000000030003F004172726F7773350073
:20EB8000000000000000000079656C6C6F772D7365726965730000000800F9FF0000000021
:20EBA000FFFFFFFFB400B400010000007800000000000000180027004172726F7773350086
:20EBC00000000000000000006379616E2D7365726965730000000000F9FF080000000000D2
:20EBE000000000000000000000000000380047004172726F777335000000000000000000E3
:20EC00006379616E2D73657269657300000000000800F9FF00000000FFFFFFFFB400B4002D
:20EC200001000000500B0000000000004F000000020064002001000000000000000007009B
:20EC40006D6574656F72000000000000000000007265642D73657269657300000000000035
:20EC6000000000000700F9FF0000000000000000000000000E0015006D6574656F720000E6
:20EC80000000000000000000677265656E2D73657269657300000000030003000700F9FFA6
:20ECA0000000000000000000000000001B0022006D6574656F72000000000000000000008B
:20ECC000626C75652D7365726965730000000000050005000700F9FF0200020000000000C7
:20ECE00000000000290030006D6574656F720000000000000000000079656C6C6F772D73F3
:20ED00006572696573000000020002000700F9FF07000700000000000000000035003C0059
:20ED20006D6574656F72000000000000000000006379616E2D7365726965730000000000E4
:20ED4000010001000700F9FF0500050000000000000000002001000000000000100018005F
:20ED60006D6574656F72000000000000000000007265642D73657269657300000000000014
:20ED8000070007000700F9FF0200020000000000000000001F0029006D6574656F7200008E
:20EDA0000000000000000000677265656E2D73657269657300000000030003000700F9FF85
:20EDC0000700070000000000000000002F0036006D6574656F720000000000000000000034
:20EDE000626C75652D7365726965730000000000010001000700F9FF0200020000000000AE
:20EE0000000000003B0041006D6574656F720000000000000000000079656C6C6F772D73AE
:20EE20006572696573000000020002000700F9FF07000700000000000000000046004D0016
:20EE40006D6574656F72000000000000000000006379616E2D7365726965730000000000C3
:20EE6000010001000700F9FF0500050000000000000000002001000000000000000007005F
:20EE80006D6574656F72000000000000000000007265642D736572696573000000000000F3
:20EEA000020002000700F9FF0100010000000000000000000B0012006D6574656F720000A4
:20EEC0000000000000000000677265656E2D73657269657300000000070007000700F9FF5C
:20EEE00002000200000000000000000017001E006D6574656F72000000000000000000004D
:20EF0000626C75652D7365726965730000000000070007000700F9FF070007000000000076
:20EF20000000000024002B006D6574656F720000000000000000000079656C6C6F772D73BA
:20EF40006572696573000000020002000700F9FF0100010000000000000000003F0048000D
:20EF60006D6574656F72000000000000000000006379616E2D7365726965730000000000A2
:20EF8000010001000700F9FF000000000000000000000000200100000000000003000A0042
:20EFA0006D6574656F72000000000000000000007265642D736572696573000000000000D2
:20EFC000040004000700F9FF0600060000000000000000000E0015006D6574656F7200006F
:20EFE0000000000000000000677265656E2D73657269657300000000030003000700F9FF43
:20F000000500050000000000000000001B0024006D6574656F72000000000000000000001B
:20F02000626C75652D7365726965730000000000010001000700F9FF030003000000000069
:20F040000000000035003C006D6574656F720000000000000000000079656C6C6F772D7377
:20F060006572696573000000020002000700F9FF07000700000000000000000044004E00D5
:20F080006D6574656F72000000000000000000006379616E2D736572696573000000000081
:20F0A000010001000700F9FF02000200000000000000000020010000000000001000170003
:20F0C0006D6574656F72000000000000000000007265642D736572696573000000000000B1
:20F0E000050005000700F9FF0400040000000000000000001B0022006D6574656F72000036
:20F100000000000000000000677265656E2D73657269657300000000030003000700F9FF21
:20F1200003000300000000000000000023002A006D6574656F7200000000000000000000F0
:20F14000626C75652D7365726965730000000000010001000700F9FF00000000000000004E
:20F16000000000002F0037006D6574656F720000000000000000000079656C6C6F772D7361
:20F180006572696573000000070007000700F9FF0200020000000000000000003D004600C3
:20F1A0006D6574656F72000000000000000000006379616E2D736572696573000000000060
:20F1C000040004000700F9FF050005000000000000000000200100000000000009001100E3
:20F1E0006D6574656F72000000000000000000007265642D73657269657300000000000090
:20F20000070007000700F9FF07000700000000000000000015001C006D6574656F72000016
:20F220000000000000000000677265656E2D73657269657300000000070007000700F9FFF8
:20F2400000000000000000000000000025002D006D6574656F7200000000000000000000D0
:20F26000626C75652D7365726965730000000000020002000700F9FF07000700000000001D
:20F2800000000000320041006D6574656F720000000000000000000079656C6C6F772D7333
:20F2A0006572696573000000050005000700F9FF03000300000000000000000043004A009A
:20F2C0006D6574656F72000000000000000000006379616E2D73657269657300000000003F
:20F2E000050005000700F9FF010001000000000000000000200100000000000003000A00D5
:20F300006D6574656F72000000000000000000007265642D7365726965730000000000006E
:20F32000030003000700F9FF0000000000000000000000000E0016006D6574656F72000018
:20F340000000000000000000677265656E2D73657269657300000000050005000700F9FFDB
:20F360000400040000000000000000001B0022006D6574656F7200000000000000000000BC
:20F38000626C75652D7365726965730000000000050005000700F9FF020002000000000000
:20F3A00000000000280031006D6574656F720000000000000000000079656C6C6F772D732C
:20F3C0006572696573000000070007000700F9FF00000000000000000000000035003D0096
:20F3E0006D6574656F72000000000000000000006379616E2D73657269657300000000001E
:20F40000040004000700F9FF030003000000000000000000200100000000000009001000A5
:20F420006D6574656F72000000000000000000007265642D7365726965730000000000004D
:20F44000030003000700F9FF07000700000000000000000016001D006D6574656F720000DA
:20F460000000000000000000677265656E2D73657269657300000000000000000700F9FFC4
:20F48000060006000000000000000000200027006D6574656F72000000000000000000008D
:20F4A000626C75652D7365726965730000000000000000000700F9FF0000000000000000ED
:20F4C0000000000030003A006D6574656F720000000000000000000079656C6C6F772D73FA
:20F4E0006572696573000000010001000700F9FF0000000000000000000000003F0048006C
:20F500006D6574656F72000000000000000000006379616E2D7365726965730000000000FC
:20F52000060006000700F9FF07000700000000000000000020010000000000001200190066
:20F540006D6574656F72000000000000000000007265642D7365726965730000000000002C
:20F56000010001000700F9FF04000400000000000000000023002A006D6574656F720000A9
:20F580000000000000000000677265656E2D73657269657300000000040004000700F9FF9B
:20F5A0000100010000000000000000002D0038006D6574656F720000000000000000000058
:20F5C000626C75652D7365726965730000000000040004000700F9FF0600060000000000B8
:20F5E000000000003B0042006D6574656F720000000000000000000079656C6C6F772D73C6
:20F600006572696573000000060006000700F9FF03000300000000000000000047004E002C
:20F620006D6574656F72000000000000000000006379616E2D7365726965730000000000DB
:20F64000050005000700F9FF050005000000000000000000200100000000000005000C0065
:20F660006D6574656F72000000000000000000007265642D7365726965730000000000000B
:20F68000070007000700F9FF020002000000000000000000110018006D6574656F720000A4
:20F6A0000000000000000000677265656E2D73657269657300000000030003000700F9FF7C
:20F6C000070007000000000000000000200027006D6574656F720000000000000000000049
:20F6E000626C75652D7365726965730000000000010001000700F9FF0200020000000000A5
:20F70000000000002E0036006D6574656F720000000000000000000079656C6C6F772D73BD
:20F720006572696573000000020002000700F9FF07000700000000000000000041004A0015
:20F740006D6574656F72000000000000000000006379616E2D7365726965730000000000BA
:20F76000010001000700F9FF050005000000000000000000AC0000000000000025000000AD
:20F78000020064005800000001000000000006005E015E015E016400BC0201003300000031
:20F7A0000A0010005E015E015E016400BC0201003C00000014001A005E015E015E01640004
:20F7C000BC0201000F0000001E0024005E015E015E016400BC0201003F0000004400000056
:20F7E0000100000004000A005E015E015E016400BC020100300000000F0015005E015E01A8
:20F800005E016400BC0201000C00000019001F005E015E015E016400BC02010003000000DF
:20F82000B8020000000000003C00000002004600A802000000000000000004003478347884
:20F84000340000000000000000000000707572706C650000000000000000000000000400D8
:20F860000000000000000000000000000000000005000900347834783400000000000000EE
:20F8800000000000707572706C6500000000000000000000040004000000040000000000C4
:20F8A00000000000000000000A000E003478347834000000000000000000000070757270DD
:20F8C0006C6500000000000000000000040004000400040000000400000000000000000043
:20F8E0000F00130034783478340000000000000000000000707572706C65000000000000C2
:20F9000000000000040000000400040004000400000000000000000014001800347834784F
:20F92000340000000000000000000000707572706C650000000000000000000000000000FB
:20F940000400000004000400000000000000000019001D00347834783400000000000000D9
:20F9600000000000707572706C6500000000000000000000000000000000000004000000EB
:20F9800000000000000000001E0022003478347834000000000000000000000079656C6CE5
:20F9A0006F770000000000000000000000000000000004000000000000000000000000005D
:20F9C000230027003478347834000000000000000000000079656C6C6F77000000000000B5
:20F9E00000000000000000000400040000000400000000000000000028002C00347834784F
:20FA000034000000000000000000000079656C6C6F77000000000000000000000000040012
:20FA2000040004000400040000000000000000002D003100347834783400000000000000CC
:20FA40000000000079656C6C6F7700000000000000000000040004000400040004000000F6
:20FA60000000000000000000320036003478347834000000000000000000000079656C6CDC
:20FA80006F7700000000000000000000040000000400040000000000000000000000000074
:20FAA00037003B003478347834000000000000000000000079656C6C6F77000000000000AC
:20FAC000000000000000000004000000000000000000000000000000A0030000000000007F
:20FAE0002800000003004600C801000000000000000004003478347834000000000000003C
:20FB00000000000000000000000000000000000000000000000004000000000000000000E1
:20FB200000000000000000000500090034783478340000000000000000000000000000002B
:20FB4000000000000000000000000000040004000000000000000400000000000000000099
:20FB60000A000E0034783478340000000000000000000000000000000000000000000000E1
:20FB80000000000004000000000000000400040000000000000000000F00130034783478DF
:20FBA000340000000000000000000000000000000000000000000000000000000000000011
:20FBC000000000000400000000000000000000001400180034783478340000000000000069
:20FBE000000000000000000000000000000000000000000000000000000004000000000001
:20FC0000000000000000000019001D00347834783400000000000000000000000000000022
:20FC20000000000000000000000000000000000004000400000004000000000000000000B8
:20FC40001E00220034783478340000000000000000000000000000000000000000000000D8
:20FC60000000000000000000040000000400040000000000000000002300270034783478D6
:20FC8000340000000000000000000000000000000000000000000000000000000000000030
:20FCA00000000000040000000000000000000000C80100000000000000000400347834781B
:20FCC0003400000000000000000000007265640000000000000000000000000004000000B1
:20FCE00004000400040004000000000000000000050009003478347834000000000000005A
:20FD000000000000726564000000000000000000000000000000000004000400040000009C
:20FD200000000000000000000A000E003478347834000000000000000000000072656400E4
:20FD4000000000000000000000000000000004000400040000000000000000000000000097
:20FD60000F001300347834783400000000000000000000007265640000000000000000009A
:20FD80000000000004000400040004000000040000000000000000001400180034783478CB
:20FDA0003400000000000000000000007265640000000000000000000000000004000400CC
:20FDC0000400000004000400000000000000000019001D0034783478340000000000000055
:20FDE0000000000072656400000000000000000000000000040004000000000004000000BC
:20FE000000000000000000001E0022003478347834000000000000000000000072656400DB
:20FE20000000000000000000000000000400040000000400000000000000000000000000B6
:20FE4000230027003478347834000000000000000000000072656400000000000000000091
:20FE600000000000040004000400040000000400000000000000000050000000000000001E
:20FE80002000000003003200400000000000000000001F00387838783152000000000000CB
:20FEA000000000007265642D7365726965730000000000000000000000000000000000004F
:20FEC0005E0100000100000070010000000000003C00000002003200B00000000000000031
:20FEE0000000070038783878310000000000000000000000626C75650000000000000000C2
:20FF000000000000000000000000000007000000000000000000010014001B00387838784A
:20FF2000310000000000000000000000726564000000000000000000000000000000000055
:20FF40000000000007000000000000000000010028002F00387838783100000000000000B1
:20FF600000000000677265656E000000000000000000000000000000000000000700000069
:20FF80000000000000000100B0000000000000000400130049000000000000000000000050
:20FFA00000000000626C756500000000000000000000000000000000000000000300030093
:20FFC00000000000000001001800270058000000000000000000000000000000726564004E
:20FFE0000000000000000000000000000000000000000000030003000000000000000100FA
:020000040801F1
:200000002C003B0055000000000000000000000000000000677265656E0000000000000013
:200020000000000000000000000000000300030000000000000001009C010000000000001C
:20004000320000000200640020010000000000000000040032783200000000000000000007
:2000600000000000626C7565000000000000000000000000030003000000040003000300C8
:2000800000000000000000000A000E003278320000000000000000000000000067726565C9
:2000A0006E00000000000000000000000200020000000500020002000000000000000000C5
:2000C0001400180032783200000000000000000000000000726564000000000000000000DD
:2000E0000000000006000600000004000600060000000000000000001E00220032783200C8
:20010000000000000000000000000000626C75650000000000000000000000000200020033
:200120000000050005000500000000000000000028002C0032783200000000000000000080
:200140000000000079656C6C6F7700000000000000000000060006000000050002000200EE
:2001600000000000000000006C00000001000000040009002C01F4012C0100002C01010088
:200180003F0300000E001300C800F401C8000000900101003F0C000018001D005802F40116
:2001A000580200002C0101003F30000022002700C800F401F40100002C0101003F030000DD
:2001C0002D0031005802F401C8000000900101003F3C00005000000000000000100000003D
:2001E00004006400400000000000000000000F005858000000000000000000000000000098
:200200007265642D7365726965730000000000000000000000000000FFFFFFFF0000AA0045
:2002200001000000A8060000000000001E0000000200C80098060000000000000000000089
:20024000436972636C653500000000000000000072656400000000000000000000000000DC
:20026000000000000000000000000000000000000000000001000100436972636C653400F6
:20028000000000000000000072656400000000000000000000000000000000000000000023
:2002A00000000000000000000000000002000200436972636C6533000000000000000000B5
:2002C0007265640000000000000000000000000000000000000000000000000000000000E3
:2002E0000000000003000300436972636C6532000000000000000000726564000000000039
:200300000000000000000000000000000000000000000000000000000000000004000400D5
:20032000436972636C653100000000000000000072656400000000000000000000000000FF
:20034000000000000000000000000000000000000000000005000500436972636C6535000C
:20036000000000000000000079656C6C6F77000000000000000000000000000000000000E1
:2003800000000000000000000000000006000600436972636C6534000000000000000000CB
:2003A00079656C6C6F770000000000000000000000000000000000000000000000000000A1
:2003C0000000000007000700436972636C653300000000000000000079656C6C6F770000EE
:2003E0000000000000000000000000000000000000000000000000000000000008000800ED
:20040000436972636C653200000000000000000079656C6C6F7700000000000000000000BC
:20042000000000000000000000000000000000000000000009000900436972636C65310027
:20044000000000000000000079656C6C6F7700000000000000000000000000000000000000
:200460000000000000000000000000000A000A00436972636C6535000000000000000000E1
:20048000677265656E0000000000000000000000000000000000000000000000000000004B
:2004A000000000000B000B00436972636C6534000000000000000000677265656E0000008F
:2004C000000000000000000000000000000000000000000000000000000000000C000C0004
:2004E000436972636C6533000000000000000000677265656E000000000000000000000066
:2005000000000000000000000000000000000000000000000D000D00436972636C6532003D
:200520000000000000000000677265656E00000000000000000000000000000000000000AA
:200540000000000000000000000000000E000E00436972636C6531000000000000000000FC
:20056000677265656E0000000000000000000000000000000000000000000000000000006A
:20058000000000000F000F00436972636C65350000000000000000006379616E000000000B
:2005A00000000000000000000000000000000000000000000000000000000000100010001B
:2005C000436972636C65340000000000000000006379616E000000000000000000000000EA
:2005E000000000000000000000000000000000000000000011001100436972636C65330054
:2006000000000000000000006379616E00000000000000000000000000000000000000002F
:2006200000000000000000000000000012001200436972636C653200000000000000000012
:200640006379616E00000000000000000000000000000000000000000000000000000000EF
:200660000000000013001300436972636C65310000000000000000006379616E0000000026
:20068000000000000000000000000000000000000000000000000000000000001400140032
:2006A000436972636C6535000000000000000000626C75650000000000000000000000000B
:2006C000000000000000000000000000000000000000000015001500436972636C6534006A
:2006E0000000000000000000626C7565000000000000000000000000000000000000000052
:2007000000000000000000000000000016001600436972636C653300000000000000000028
:20072000626C75650000000000000000000000000000000000000000000000000000000011
:200740000000000017001700436972636C6532000000000000000000626C7565000000003F
:20076000000000000000000000000000000000000000000000000000000000001800180049
:20078000436972636C6531000000000000000000626C75650000000000000000000000002E
:2007A000000000000000000000000000000000000000000019001900436972636C65350080
:2007C0000000000000000000707572706C6500000000000000000000000000000000000081
:2007E0000000000000000000000000001A001A00436972636C65340000000000000000003F
:20080000707572706C65000000000000000000000000000000000000000000000000000040
:20082000000000001B001B00436972636C6533000000000000000000707572706C65000065
:20084000000000000000000000000000000000000000000000000000000000001C001C0060
:20086000436972636C6532000000000000000000707572706C65000000000000000000005C
:2008800000000000000000000000000000000000000000001D001D00436972636C6531009B
:2008A0000000000000000000707572706C65000000000000000000000000000000000000A0
:2008C0000000000000000000000000006001000000000000B000000001006400E4000000BE
:2008E0000100000000000F000000000000000000780501003F03000010001F00BC0200003B
:20090000BC020000780501003F0F000020002F00BC02000000000000780501003F0C000077
:2009200030003F0000000000BC020000780501003F3C000040004F000000BC020000000044
:20094000780501003F30000050005F000000BC02BC020000780501003F32000060006F00C1
:200960000000000000000000140501003F03000070007F00BC0200000000000078050100F0
:200980003F0B000080008F000000BC0200000000780501003F0C000090009F00BC02BC02CC
:2009A00000000000780501003F3C0000A000AF000000000000000000780501003F30000002
:2009C0006C0000000100000060006F00BC02BC02BC020000140501003F03000070007F0056
:2009E0000000BC02BC020000780501003F0B000080008F00BC020000BC02000078050100AA
:200A00003F0C000090009F0000000000BC020000780501003F3C0000A000AF00BC02BC02DA
:200A2000BC020000780501003F300000D00000000000000020000000030064003000000084
:200A40000100000000000F000000000000000000780501003F30000010001F00BC02BC02EE
:200A600000000000780501003F380000300000000100000000000F00BC0200000000000083
:200A8000780501003F03000010001F000000BC02BC020000780501003F0F000030000000EF
:200AA0000100000000000F0000000000BC020000780501003F0C000010001F00BC02BC02F4
:200AC000BC020000780501003F320000300000000100000000000F00BC020000BC020000AD
:200AE000780501003F3C000010001F000000BC0200000000780501003F13000050000000F0
:200B0000000000001000000005001E00400000000000000000000F006672616D6531000017
:200B20000000000000000000677265656E2D736572696573000000000000000000000000EC
:200B4000FFFFFFFF0000AA000100000090000000000000001000000008003C0040000000CA
:200B60000000000000000F00487569000000000000000000000000006379616E2D7365721E
:200B800069657300000000000000F1FF0000000000000000000000000000000040000000E4
:200BA0000000000009000F00487569000000000000000000000000006379616E2D736572D5
:200BC00069657300000000000700010000000000000000000000000000000000700100005B
:200BE000000000003C00000002001E00B00000000000000000000700490000000000000099
:200C00000000000000000000707572706C650000000000000000000000000000000000003C
:200C200007000000000000000000010014001B005800000000000000000000000000000025
:200C40006379616E00000000000000000000000000000000000000000700010000000000E1
:200C60000000010028002F005500000000000000000000000000000079656C6C6F7700002B
:200C800000000000000000000000000000000000070002000000000000000100B00000009A
:200CA000000000000800130049000000000000000000000000000000707572706C65000038
:200CC000000000000000000000000000000000000000000000000000000001001C002700D0
:200CE000580000000000000000000000000000006379616E000000000000000000000000F1
:200D0000000000000000000001000100000000000000010030003B00550000000000000010
:200D2000000000000000000079656C6C6F7700000000000000000000000000000000000017
:200D4000020002000000000000000100A0030000000000004700000001000F00C8010000CB
:200D60000000000000000700766572746963616C38646F7400000000000000000000000093
:200D80000000000000000000000000000700000000000000000000000000010008000F0034
:200DA000766572746963616C38646F7400000000000000000000000000000000000000005A
:200DC00001000100070000000000000000000000000000001000170063726F737377697366
:200DE0006538646F7400000000000000000000000000000000000000020002000700000004
:200E000000000000000000000000000018001F00766572746963616C38646F7400000000C2
:200E20000000000000000000000000000000000003000300070000000000000000000000A5
:200E40000000000020002700766572746963616C38646F7400000000000000000000000072
:200E60000000000000000000040004000700000000000000000000000000000028002F000C
:200E8000766572746963616C38646F74000000000000000000000000000000000000000079
:200EA000050005000700000000000000000000000000000030003700766572746963616C60
:200EC00038646F740000000000000000000000000000000000000000060006000700000080
:200EE00000000000000000000000000038003F00766572746963616C38646F7400000000A2
:200F00000000000000000000000000000000000007000700070000000000000000000000BC
:200F200000000100C80100000000000007000E003878317838000000000000000000000041
:200F400000000000000000000000000000000000F9FFF9FF000000000000000000000000A1
:200F6000000001000F001600387831783800000000000000000000000000000000000000BA
:200F80000000000000000000FAFFFAFF0000000000000000000000000000000017001E002A
:200FA0003878317838000000000000000000000000000000000000000000000000000000A0
:200FC000FBFFFBFF000000000000000000000000000000001F002600387831783800000047
:200FE000000000000000000000000000000000000000000000000000FCFFFCFF00000000FB
:2010000000000000000000000000000027002E0038783178380000000000000000000000EA
:2010200000000000000000000000000000000000FDFFFDFF000000000000000000000000B8
:20104000000000002F0036003878317838000000000000000000000000000000000000009A
:201060000000000000000000FEFFFEFF0000000000000000000000000000000037003E0001
:201080003878317838000000000000000000000000000000000000000000000000000000BF
:2010A000FFFFFFFF000000000000000000000000000000003F00460038783178380000001E
:2010C000000000000000000000000000000000000000000000000000000000000000000010
:2010E00000000000000000000000010030050000000000004700000002000F00C801000099
:201100000000000000000700766572746963616C38646F74000000000000000000000000EF
:201120000000000000000000000000000000070000000000000000000000010008000F0090
:20114000766572746963616C38646F740000000000000000000000000000000000000000B6
:20116000010001000000070000000000000000000000000010001700766572746963616CE5
:2011800038646F7400000000000000000000000000000000000000000200020000000700C5
:2011A00000000000000000000000000018001F00766572746963616C38646F74000000001F
:2011C000000000000000000000000000000000000300030000000700000000000000000002
:2011E0000000000020002700766572746963616C38646F74000000000000000000000000CF
:201200000000000000000000040004000000070000000000000000000000000028002F0068
:20122000766572746963616C38646F740000000000000000000000000000000000000000D5
:20124000050005000000070000000000000000000000000030003700766572746963616CBC
:2012600038646F7400000000000000000000000000000000000000000600060000000700DC
:2012800000000000000000000000000038003F00766572746963616C38646F7400000000FE
:2012A000000000000000000000000000000000000700070000000700000000000000000019
:2012C00000000100C80100000000000007000E00387831783800000000000000000000009E
:2012E00000000000000000000000000000000000F9FFF9FF070007000000000000000000F0
:20130000000001000F00160038783178380000000000000000000000000000000000000016
:201320000000000000000000FAFFFAFF0700070000000000000000000000000017001E0078
:201340003878317838000000000000000000000000000000000000000000000000000000FC
:20136000FBFFFBFF070007000000000000000000000000001F002600387831783800000095
:20138000000000000000000000000000000000000000000000000000FCFFFCFF0700070049
:2013A00000000000000000000000000027002E003878317838000000000000000000000047
:2013C00000000000000000000000000000000000FDFFFDFF07000700000000000000000007
:2013E000000000002F003600387831783800000000000000000000000000000000000000F7
:201400000000000000000000FEFFFEFF0700070000000000000000000000000037003E004F
:2014200038783178380000000000000000000000000000000000000000000000000000001B
:20144000FFFFFFFF070007000000000000000000000000003F00460038783178380000006C
:2014600000000000000000000000000000000000000000000000000000000000070007005E
:20148000000000000000000000000100900100000000000001000800387831783800000020
:2014A00000000000000000000000000000000000000000000000000001000100000000002A
:2014C000000000000000000000000000090010003878317838000000000000000000000062
:2014E0000000000000000000000000000000000002000200000000000000000000000000E8
:20150000000000001100180038783178380000000000000000000000000000000000000011
:2015200000000000000000000300030000000000000000000000000000000000190020006C
:201540003878317838000000000000000000000000000000000000000000000000000000FA
:20156000040004000000000000000000000000000000000021002800387831783800000089
:20158000000000000000000000000000000000000000000000000000050005000000000041
:2015A000000000000000000000000000290030003878317838000000000000000000000041
:2015C0000000000000000000000000000000000006000600000000000000000000000000FF
:2015E0000000000031003800387831783800000000000000000000000000000000000000F1
:2016000000000000000000000700070000000000000000000000000000000000300100008B
:2016200000000000110000000300640020010000000000000000070032783200000000002E
:2016400000000000000000000000000000000000000000000000000003000300070000007D
:2016600003000300000000000000000008000900436972636C652D320000000000000000A2
:201680006379616E000000000000000000000000000000000000000000000000000000009F
:2016A000000000000A000B00436972636C652D330000000000000000677265656E00000052
:2016C000000000000000000000000000000000000000000000000000000000000C000D00F1
:2016E000436972636C652D34000000000000000079656C6C6F77000000000000000000009B
:2017000000000000000000000000000000000000000000000E000F00436972636C652D35F8
:2017200000000000000000007265640000000000000000000000000000000000000000006E
:201740000000000000000000000000003001000000000000110000000300640020010000BF
:20176000000000000000070032783200000000000000000000000000626C756500000000DE
:20178000000000000000000003000300000007000300030000000000000000000800090025
:2017A000436972636C652D320000000000000000707572706C6500000000000000000000E0
:2017C00000000000070007000000000000000000000000000A000B00436972636C652D3334
:2017E0000000000000000000726564000000000000000000000000000000000007000700A0
:201800000000000000000000000000000C000D00436972636C652D340000000000000000FC
:2018200079656C6C6F770000000000000000000000000000070007000000000000000000FE
:20184000000000000E000F00436972636C652D350000000000000000677265656E000000A6
:2018600000000000000000000000000007000700000000000000000000000000500000000A
:20188000000000001000000005001E00400000000000000000000F006672616D6532000089
:2018A000000000000000000079656C6C6F772D7365726965730000000000000000000000D4
:2018C000FFFFFFFF0000AA00010000006801000000000000070000000A006400580100002A
:2018E0000000000000000100466C795F31000000000000000000000079656C6C6F772D73F0
:201900006572696573000000000000000000000000000000000000000000000002000200AB
:20192000466C795F32000000000000000000000079656C6C6F772D73657269657300000097
:20194000000000000000000000000000000000000000000003000300466C795F33000000C4
:20196000000000000000000079656C6C6F772D736572696573000000000000000000000013
:2019800000000000000000000000000004000400466C795F34000000000000000000000081
:2019A00079656C6C6F772D73657269657300000000000000000000000000000000000000D3
:2019C0000000000005000500466C795F33000000000000000000000079656C6C6F772D7304
:2019E0006572696573000000000000000000000000000000000000000000000006000600C3
:201A0000466C795F32000000000000000000000079656C6C6F772D736572696573000000B6
:201A2000000000000000000000000000000000000000000090000000000000001000000006
:201A400008003C00400000000000000000000F00576176653200000000000000000000002E
:201A6000626C75652D73657269657300000000000000F1FF00000000000000000000000016
:201A800000000000400000000000000009000F005761766532000000000000000000000029
:201AA000626C75652D736572696573000000000007000100000000000000000000000000BE
:201AC0000000000050000000000000001000000006001E00400000000000000000000F0033
:201AE0006672616D6534000000000000000000007265642D736572696573000000000000B4
:201B00000000000000000000FFFFFFFF0000AA0001000000500000000000000010000000BE
:201B200005003200400000000000000000000F005475726E52696768743100000000000047
:201B40007265642D7365726965730000000000000000000000000000000000000000AA00E8
:201B60000100000050000000000000001000000005003200400000000000000000000F007E
:201B80005475726E526967687431000000000000677265656E2D73657269657300000000A4
:201BA0000000000000000000000000000000AA000200000050000000000000001000000019
:201BC00005003200400000000000000000000F005475726E526967687432000000000000A6
:201BE000626C75652D73657269657300000000000000000000000000000000000000AA00DB
:201C000002000000D00000000000000021000000020064004000000000000000000010001B
:201C2000494900000000000000000000000000007265642D7365726965730000000000001F
:201C400000000000F8FF080000000000000000000000000040000000000000000800180025
:201C6000585800000000000000000000000000006379616E2D736572696573000000000051
:201C800000000000F8FF0800000000000000000000000000400000000000000010002000D5
:201CA00055550000000000000000000000000000677265656E2D73657269657300000000B1
:201CC00000000000F8FF080000000000000000000000000050000000000000002000000095
:201CE00003003200400000000000000000001F00387838783152000000000000000000006D
:201D0000626C75652D73657269657300000000000000000000000000000000005E01000004
:201D2000000000006801000000000000060000000A0064005801000000000000000000006D
:201D4000737175617265310000000000000000007265642D736572696573000000000000CE
:201D600000000000000000000000000000000000000000000100010073717561726532009E
:201D800000000000000000007265642D736572696573000000000000000000000000000050
:201DA00000000000000000000000000002000200737175617265330000000000000000005B
:201DC0007265642D7365726965730000000000000000000000000000000000000000000010
:201DE0000000000003000300737175617265340000000000000000007265642D73657269FD
:201E00006573000000000000000000000000000000000000000000000000000004000400E2
:201E2000737175617265350000000000000000007265642D736572696573000000000000E9
:201E40000000000000000000000000000000000000000000050005007371756172653600B1
:201E600000000000000000007265642D73657269657300000000000000000000000000006F
:201E80000000000000000000000000006801000000000000060000000A006400580100000C
:201EA000000000000000000073717561726531000000000000000000677265656E2D73654A
:201EC000726965730000000000000000FFFFFFFF000000005A005A0000000000010001009D
:201EE00073717561726532000000000000000000677265656E2D7365726965730000000056
:201F000000000000FFFFFFFF000000005A005A000000000002000200737175617265330049
:201F20000000000000000000677265656E2D7365726965730000000000000000FFFFFFFFDC
:201F4000000000005A005A0000000000030003007371756172653400000000000000000002
:201F6000677265656E2D7365726965730000000000000000FFFFFFFF000000005A005A00E8
:201F8000000000000400040073717561726535000000000000000000677265656E2D73655D
:201FA000726965730000000000000000FFFFFFFF000000005A005A000000000005000500B4
:201FC00073717561726536000000000000000000677265656E2D7365726965730000000071
:201FE00000000000FFFFFFFF000000005A005A0000000000680100000000000006000000C2
:020000040801F1
:202000000A0064005801000000000000000000007371756172653100000000000000000037
:20202000626C75652D73657269657300000000000000000000000000000000005A005A008C
:20204000010000000100010073717561726532000000000000000000626C75652D7365729B
:2020600069657300000000000000000000000000000000005A005A00010000000200020066
:2020800073717561726533000000000000000000626C75652D73657269657300000000001C
:2020A0000000000000000000000000005A005A0001000000030003007371756172653400A0
:2020C0000000000000000000626C75652D73657269657300000000000000000000000000A0
:2020E000000000005A005A000100000004000400737175617265350000000000000000005D
:20210000626C75652D73657269657300000000000000000000000000000000005A005A00AB
:20212000010000000500050073717561726536000000000000000000626C75652D736572AE
:2021400069657300000000000000000000000000000000005A005A00010000000002000087
:20216000000000002C00000001006400780000000000000000000F004C00000000000000FB
:202180000000000000000000626C75650000000000000000000000000800F8FF0000000098
:2021A0000000000000000000000001001500240045000000000000000000000000000000A0
:2021C00079656C6C6F77000000000000000000000800F8FF00000000000000000000000064
:2021E000000001007800000000000000070016004C000000000000000000000000000000FD
:20220000626C75650000000000000000000000000000000000000000F8FF08005A005A0063
:20222000010001001C002B004500000000000000000000000000000079656C6C6F77000074
:2022400000000000000000000000000000000000F8FF08005A005A00010001004000000089
:2022600000000000070016004F000000000000000000000000000000677265656E000000E1
:2022800000000000000000000800F8FF0000000000000000000000000000010040000000FE
:2022A000000000000E001D004F000000000000000000000000000000677265656E00000093
:2022C00000000000000000000000000000000000F8FF08005A005A00010001004000000009
:2022E000000000000E001D0056000000000000000000000000000000726564000000000022
:2023000000000000000000000800F8FF00000000000000000000000000000100400000007D
:202320000000000015002400560000000000000000000000000000007265640000000000D3
:2023400000000000000000000000000000000000F8FF08005A005A0001000100980300002D
:202360000000000010000000050064008803000000000000000000007261696E310000007E
:2023800000000000000000007265642D73657269657300000000000000000000070007003C
:2023A000000000000000000000000100010001007261696E3200000000000000000000003E
:2023C0007265642D73657269657300000000000000000000060006000000000000000000FE
:2023E00000000100020002007261696E3100000000000000000000007265642D73657269E2
:202400006573000000000000000000000500050000000000000000000000010003000300D3
:202420007261696E3200000000000000000000007265642D736572696573000000000000CD
:202440000000000004000400000000000000000000000100040004007261696E3100000090
:2024600000000000000000007265642D736572696573000000000000000000000300030063
:20248000000000000000000000000100050005007261696E32000000000000000000000055
:2024A0007265642D7365726965730000000000000000000002000200000000000000000025
:2024C00000000100060006007261696E3100000000000000000000007265642D73657269F9
:2024E0006573000000000000000000000100010000000000000000000000010007000700F3
:202500007261696E3200000000000000000000007265642D736572696573000000000000EC
:202520000000000000000000000000000000000000000100080008007261696E31000000AF
:2025400000000000000000007265642D73657269657300000000000000000000FFFFFFFF8C
:20256000000000000000000000000100090009007261696E3200000000000000000000006C
:202580007265642D73657269657300000000000000000000FEFFFEFF00000000000000004E
:2025A000000001000A000A007261696E3100000000000000000000007265642D7365726910
:2025C000657300000000000000000000FDFFFDFF0000000000000000000001000B000B0014
:2025E0007261696E3200000000000000000000007265642D7365726965730000000000000C
:2026000000000000FCFFFCFF0000000000000000000001000C000C007261696E31000000D0
:2026200000000000000000007265642D73657269657300000000000000000000FBFFFBFFB3
:202640000000000000000000000001000D000D007261696E32000000000000000000000083
:202660007265642D73657269657300000000000000000000FAFFFAFF000000000000000075
:20268000000001000E000E007261696E3100000000000000000000007265642D7365726927
:2026A000657300000000000000000000F9FFF9FF0000000000000000000001000F000F0033
:2026C0007261696E3200000000000000000000007265642D7365726965730000000000002B
:2026E00000000000F8FFF8FF00000000000000000000010050000000020000000A0000008F
:2027000000000A00400000000000000000003F00417564696F4731000000000000000000C6
:202720007265642D73657269657300000000000000000000F9FF00000000000000000000AE
:202740000000000050000000020000000A00000000000A00400000000000000000003F0094
:20276000417564696F473200000000000000000079656C6C6F772D7365726965730000009A
:2027800000000000F9FF000000000000000000000000000050000000020000000A000000E5
:2027A00000000A00400000000000000000003F00417564696F473100000000000000000026
:2027C000677265656E2D7365726965730000000000000000F9FF0000000000000000000038
:2027E0000000000050000000020000000A00000000000A00400000000000000000003F00F4
:20280000417564696F47320000000000000000006379616E2D7365726965730000000000EA
:2028200000000000F9FF000000000000000000000000000050000000020000000A00000044
:2028400000000A00400000000000000000003F00417564696F473100000000000000000085
:20286000626C75652D736572696573000000000000000000F9FF0000000000000000000000
:202880000000000050000000020000000A00000000000A00400000000000000000003F0053
:2028A000417564696F47320000000000000000007265642D736572696573000000000000BA
:2028C00000000000F9FF000000000000000000000000000050000000020000000A000000A4
:2028E00000000A00400000000000000000003F00417564696F4731000000000000000000E5
:2029000079656C6C6F772D73657269657300000000000000F9FF000000000000000000006B
:202920000000000050000000020000000A00000000000A00400000000000000000003F00B2
:20294000417564696F4732000000000000000000677265656E2D7365726965730000000043
:2029600000000000F9FF000000000000000000000000000050000000020000000A00000003
:2029800000000A00400000000000000000003F00417564696F473100000000000000000044
:2029A0006379616E2D736572696573000000000000000000F9FF00000000000000000000BC
:2029C0000000000050000000020000000A00000000000A00400000000000000000003F0012
:2029E000417564696F4732000000000000000000626C75652D73657269657300000000000C
:202A000000000000F9FF0000000000000000000000000000C00000000000000018000000E6
:202A200001009001B0000000000000000000070038783878310000000000000000000000BC
:202A4000726564000000000000000000000000000000000000000000000007000000000034
:202A60000000000008000F0038783878310000000000000000000000726564000000000073
:202A80000000000000000000FCFF030000000000030003005A005A00010000001000170056
:202AA00038783878310000000000000000000000726564000000000000000000000000004A
:202AC00000000000FCFF0300040004005A005A0000000000C0000000000000001800000064
:202AE00001009001B0000000000000000000070038783878310000000000000000000000FC
:202B0000677265656E0000000000000000000000000000000000000000000700000000009D
:202B20000000000008000F0038783878310000000000000000000000677265656E000000DC
:202B40000000000000000000FCFF030000000000030003005A005A00010000001000170095
:202B600038783878310000000000000000000000677265656E0000000000000000000000B3
:202B800000000000FCFF0300040004005A005A0000000000C00000000000000018000000A3
:202BA00001009001B00000000000000000000700387838783100000000000000000000003B
:202BC0000000000000000000000000000000000000000000000000000000070000000000EE
:202BE0000000000008000F003878387831000000000000000000000000000000000000002D
:202C00000000000000000000FCFF030000000000030003005A005A000100000010001700D4
:202C2000387838783100000000000000000000000000000000000000000000000000000003
:202C400000000000FCFF0300040004005A005A0000000000C00000000000000018000000E2
:202C600001009001B00000000000000000000700387838783100000000000000000000007A
:202C800077686974650000000000000000000000000000000000000000000700000000000C
:202CA0000000000008000F003878387831000000000000000000000077686974650000004B
:202CC0000000000000000000FCFF030000000000030003005A005A00010000001000170014
:202CE000387838783100000000000000000000007768697465000000000000000000000022
:202D000000000000FCFF0300040004005A005A000000000050000000000000006600000043
:202D20000100960040000000020000000000650048656C6C6F694375626500000000000079
:202D40007265642D73657269657300000000000054776F53696465000000000000000000C1
:202D600000000000696465000000000000000000FFFFFFFFFFFFFFFFFFFFFFFFFFFFFFFF31
:00000001FF
